Filer Name,Stock Name,Stock Ticker,Quarter Date,Type of Security,Current Shares Held,Current Market Value,Previous Shares Held,Previous Market Value,Current % of Portfolio,Previous % of Portfolio,Current Rank,Previous Rank,Change in Shares,Type of Change,Sector
ODEY HOLDINGS AG,Apple Inc,AAPL,3/31/2015,SH,7275,905000,0,0,9.1953,,1,999999,,new,INFORMATION TECHNOLOGY
ODEY HOLDINGS AG,Microsoft Corp.,MSFT,3/31/2015,SH,19050,775000,0,0,7.8744,,2,999999,,new,INFORMATION TECHNOLOGY
ODEY HOLDINGS AG,Wheaton Precious Metals Corp,WPM,3/31/2015,SH,39600,753000,0,0,7.6509,,3,999999,,new,MATERIALS
ODEY HOLDINGS AG,Charles Schwab Corp,SCHW,3/31/2015,SH,20350,619000,0,0,6.2894,,4,999999,,new,FINANCE
ODEY HOLDINGS AG,Discover Financial Services,DFS,3/31/2015,SH,10250,578000,0,0,5.8728,,5,999999,,new,FINANCE
ODEY HOLDINGS AG,Dollar Tree Inc.,DLTR,3/31/2015,SH,6960,565000,0,0,5.7407,,6,999999,,new,CONSUMER DISCRETIONARY
ODEY HOLDINGS AG,"Home Depot, Inc. (The)",HD,3/31/2015,SH,4700,534000,0,0,5.4257,,7,999999,,new,CONSUMER DISCRETIONARY
ODEY HOLDINGS AG,"International Flavors and Fragrances, Inc.",IFF,3/31/2015,SH,4270,501000,0,0,5.0904,,8,999999,,new,MATERIALS
ODEY HOLDINGS AG,FactSet Research Systems Inc,FDS,3/31/2015,SH,3090,492000,0,0,4.999,,9,999999,,new,INFORMATION TECHNOLOGY
ODEY HOLDINGS AG,V.F. Corp. (Vanity Fair Mills Inc.),VFC,3/31/2015,SH,6499.44,461000,0,0,4.684,,10,999999,,new,CONSUMER DISCRETIONARY
ODEY HOLDINGS AG,NIKE Inc.,NKE,3/31/2015,SH,8920,447000,0,0,4.5418,,11,999999,,new,CONSUMER DISCRETIONARY
ODEY HOLDINGS AG,Smucker (J.M.) Co.,SJM,3/31/2015,SH,3860,447000,0,0,4.5418,,12,999999,,new,CONSUMER STAPLES
ODEY HOLDINGS AG,Moodys Corp,MCO,3/31/2015,SH,4220,438000,0,0,4.4503,,13,999999,,new,FINANCE
ODEY HOLDINGS AG,Goldman Sachs Group Inc,GS,3/31/2015,SH,2250,423000,0,0,4.2979,,14,999999,,new,FINANCE
ODEY HOLDINGS AG,Capri Holdings Ltd (Michael Kors Holdings),CPRI,3/31/2015,SH,6300,414000,0,0,4.2065,,15,999999,,new,INDUSTRIALS
ODEY HOLDINGS AG,Gilead Sciences Inc.,GILD,3/31/2015,SH,4200,412000,0,0,4.1861,,16,999999,,new,HEALTH CARE
ODEY HOLDINGS AG,"Signature Bank (New York, NY)",SBNY,3/31/2015,SH,2500,324000,0,0,3.292,,17,999999,,new,FINANCE
ODEY HOLDINGS AG,Booking Holdings Inc. (Priceline),BKNG,3/31/2015,SH,175,204000,0,0,2.0727,,18,999999,,new,CONSUMER DISCRETIONARY
ODEY HOLDINGS AG,Costco Co.,COST,3/31/2015,SH,1300,197000,0,0,2.0016,,19,999999,,new,CONSUMER STAPLES
ODEY HOLDINGS AG,Celgene Corp.,CELG,3/31/2015,SH,1700,196000,0,0,1.9915,,20,999999,,new,HEALTH CARE
ODEY HOLDINGS AG,Core Laboratories N.V.,CLB,3/31/2015,SH,1500,157000,0,0,1.5952,,21,999999,,new,ENERGY
ODEY HOLDINGS AG,Apple Inc,AAPL,6/30/2015,SH,7045,884000,7275,905000,7.022,9.1953,1,1,-3.161512,reduction,INFORMATION TECHNOLOGY
ODEY HOLDINGS AG,"Home Depot, Inc. (The)",HD,6/30/2015,SH,4700,522000,4700,534000,4.1465,5.4257,2,7,0,,CONSUMER DISCRETIONARY
ODEY HOLDINGS AG,"Signature Bank (New York, NY)",SBNY,6/30/2015,SH,3550,520000,2500,324000,4.1306,3.292,3,17,42,addition,FINANCE
ODEY HOLDINGS AG,NIKE Inc.,NKE,6/30/2015,SH,9380,507000,8920,447000,4.0273,4.5418,4,11,5.156951,addition,CONSUMER DISCRETIONARY
ODEY HOLDINGS AG,Gilead Sciences Inc.,GILD,6/30/2015,SH,4270,500000,4200,412000,3.9717,4.1861,5,16,1.666667,addition,HEALTH CARE
ODEY HOLDINGS AG,Celgene Corp.,CELG,6/30/2015,SH,4145,480000,1700,196000,3.8129,1.9915,6,20,143.823529,addition,HEALTH CARE
ODEY HOLDINGS AG,Microsoft Corp.,MSFT,6/30/2015,SH,10630,469000,19050,775000,3.7255,7.8744,7,2,-44.199475,reduction,INFORMATION TECHNOLOGY
ODEY HOLDINGS AG,Mastercard Inc,MA,6/30/2015,SH,4970,465000,0,0,3.6937,,8,999999,,new,FINANCE
ODEY HOLDINGS AG,Charles Schwab Corp,SCHW,6/30/2015,SH,14200,464000,20350,619000,3.6858,6.2894,9,4,-30.22113,reduction,FINANCE
ODEY HOLDINGS AG,Goldman Sachs Group Inc,GS,6/30/2015,SH,2210,461000,2250,423000,3.6619,4.2979,10,14,-1.777778,reduction,FINANCE
ODEY HOLDINGS AG,Dollar Tree Inc.,DLTR,6/30/2015,SH,5700,450000,6960,565000,3.5745,5.7407,11,6,-18.103448,reduction,CONSUMER DISCRETIONARY
ODEY HOLDINGS AG,V.F. Corp. (Vanity Fair Mills Inc.),VFC,6/30/2015,SH,6690.6,439000,6499.44,461000,3.4872,4.684,12,10,2.941176,addition,CONSUMER DISCRETIONARY
ODEY HOLDINGS AG,TripAdvisor Inc,TRIP,6/30/2015,SH,5000,436000,0,0,3.4633,,13,999999,,new,CONSUMER DISCRETIONARY
ODEY HOLDINGS AG,Wheaton Precious Metals Corp,WPM,6/30/2015,SH,22300,387000,39600,753000,3.0741,7.6509,14,3,-43.686869,reduction,MATERIALS
ODEY HOLDINGS AG,Amazon.com Inc.,AMZN,6/30/2015,SH,570,247000,0,0,1.962,,15,999999,,new,CONSUMER DISCRETIONARY
ODEY HOLDINGS AG,WisdomTree Investments Inc,WETF,6/30/2015,SH,11200,246000,0,0,1.9541,,16,999999,,new,FINANCE
ODEY HOLDINGS AG,"Chipotle Mexican Grill, Inc.",CMG,6/30/2015,SH,400,242000,0,0,1.9223,,17,999999,,new,CONSUMER DISCRETIONARY
ODEY HOLDINGS AG,Facebook Inc,FB,6/30/2015,SH,2800,240000,0,0,1.9064,,18,999999,,new,COMMUNICATIONS
ODEY HOLDINGS AG,Starbucks Corp.,SBUX,6/30/2015,SH,4400,236000,0,0,1.8747,,19,999999,,new,CONSUMER DISCRETIONARY
ODEY HOLDINGS AG,Under Armour Inc,UAA,6/30/2015,SH,5600,234000,0,0,1.8588,,20,999999,,new,CONSUMER DISCRETIONARY
ODEY HOLDINGS AG,Activision Blizzard Inc,ATVI,6/30/2015,SH,9500,230000,0,0,1.827,,21,999999,,new,INFORMATION TECHNOLOGY
ODEY HOLDINGS AG,FactSet Research Systems Inc,FDS,6/30/2015,SH,1400,228000,3090,492000,1.8111,4.999,22,9,-54.692557,reduction,INFORMATION TECHNOLOGY
ODEY HOLDINGS AG,Walt Disney Co. (The),DIS,6/30/2015,SH,2000,228000,0,0,1.8111,,23,999999,,new,COMMUNICATIONS
ODEY HOLDINGS AG,VISA Inc,V,6/30/2015,SH,3400,228000,0,0,1.8111,,24,999999,,new,FINANCE
ODEY HOLDINGS AG,Moodys Corp,MCO,6/30/2015,SH,2100,227000,4220,438000,1.8032,4.4503,25,13,-50.236967,reduction,FINANCE
ODEY HOLDINGS AG,Linkedin Corporation,LNKD,6/30/2015,SH,1100,227000,0,0,1.8032,,26,999999,,new,INFORMATION TECHNOLOGY
ODEY HOLDINGS AG,Cognizant Technology Solutions Corp,CTSH,6/30/2015,SH,3700,226000,0,0,1.7952,,27,999999,,new,INFORMATION TECHNOLOGY
ODEY HOLDINGS AG,"Yum! Brands, Inc. (Tricon Global Restaurants)",YUM,6/30/2015,SH,2500,225000,0,0,1.7873,,28,999999,,new,CONSUMER DISCRETIONARY
ODEY HOLDINGS AG,Estee Lauder Companies Inc.,EL,6/30/2015,SH,2600,225000,0,0,1.7873,,29,999999,,new,CONSUMER STAPLES
ODEY HOLDINGS AG,Discover Financial Services,DFS,6/30/2015,SH,3820,220000,10250,578000,1.7476,5.8728,30,5,-62.731707,reduction,FINANCE
ODEY HOLDINGS AG,Booking Holdings Inc. (Priceline),BKNG,6/30/2015,SH,190,219000,175,204000,1.7396,2.0727,31,18,8.571429,addition,CONSUMER DISCRETIONARY
ODEY HOLDINGS AG,MSCI Inc,MSCI,6/30/2015,SH,3500,215000,0,0,1.7078,,32,999999,,new,FINANCE
ODEY HOLDINGS AG,"United Parcel Service, Inc. Class B",UPS,6/30/2015,SH,2200,213000,0,0,1.692,,33,999999,,new,TRANSPORTS
ODEY HOLDINGS AG,BlackRock Inc. Class A,BLK,6/30/2015,SH,600,208000,0,0,1.6522,,34,999999,,new,FINANCE
ODEY HOLDINGS AG,"International Flavors and Fragrances, Inc.",IFF,6/30/2015,SH,1900,208000,4270,501000,1.6522,5.0904,35,8,-55.503513,reduction,MATERIALS
ODEY HOLDINGS AG,AutoZone Inc.,AZO,6/30/2015,SH,300,200000,0,0,1.5887,,36,999999,,new,CONSUMER DISCRETIONARY
ODEY HOLDINGS AG,Costco Co.,COST,6/30/2015,SH,1420,192000,1300,197000,1.5251,2.0016,37,19,9.230769,addition,CONSUMER STAPLES
ODEY HOLDINGS AG,Core Laboratories N.V.,CLB,6/30/2015,SH,1500,171000,1500,157000,1.3583,1.5952,38,21,0,,ENERGY
ODEY HOLDINGS AG,Whole Foods Market Inc.,WFM,6/30/2015,SH,4270,168000,0,0,1.3345,,39,999999,,new,CONSUMER STAPLES
ODEY HOLDINGS AG,Clean Energy Fuels Corp,CLNE,6/30/2015,SH,18100,102000,0,0,0.8102,,40,999999,,new,ENERGY
ODEY HOLDINGS AG,Capri Holdings Ltd (Michael Kors Holdings),CPRI,6/30/2015,SH,0,0,6300,414000,,4.2065,999999,15,-100,soldall,INDUSTRIALS
ODEY HOLDINGS AG,Smucker (J.M.) Co.,SJM,6/30/2015,SH,0,0,3860,447000,,4.5418,999999,12,-100,soldall,CONSUMER STAPLES
ODEY HOLDINGS AG,Apple Inc,AAPL,9/30/2015,SH,6457,712000,7045,884000,4.7293,7.022,1,1,-8.346345,reduction,INFORMATION TECHNOLOGY
ODEY HOLDINGS AG,"Home Depot, Inc. (The)",HD,9/30/2015,SH,5571,643000,4700,522000,4.271,4.1465,2,2,18.531915,addition,CONSUMER DISCRETIONARY
ODEY HOLDINGS AG,Amazon.com Inc.,AMZN,9/30/2015,SH,1228,629000,570,247000,4.178,1.962,3,15,115.438596,addition,CONSUMER DISCRETIONARY
ODEY HOLDINGS AG,Alphabet Inc. Class C,GOOG,9/30/2015,SH,900,548000,0,0,3.64,,4,999999,,new,COMMUNICATIONS
ODEY HOLDINGS AG,Gilead Sciences Inc.,GILD,9/30/2015,SH,5330,523000,4270,500000,3.4739,3.9717,5,5,24.824356,reduction,HEALTH CARE
ODEY HOLDINGS AG,Booking Holdings Inc. (Priceline),BKNG,9/30/2015,SH,400,495000,190,219000,3.2879,1.7396,6,31,110.526316,addition,CONSUMER DISCRETIONARY
ODEY HOLDINGS AG,Dollar Tree Inc.,DLTR,9/30/2015,SH,7336,489000,5700,450000,3.2481,3.5745,7,11,28.701754,reduction,CONSUMER DISCRETIONARY
ODEY HOLDINGS AG,Starbucks Corp.,SBUX,9/30/2015,SH,7900,449000,4400,236000,2.9824,1.8747,8,19,79.545455,reduction,CONSUMER DISCRETIONARY
ODEY HOLDINGS AG,Activision Blizzard Inc,ATVI,9/30/2015,SH,14332,443000,9500,230000,2.9425,1.827,9,21,50.863158,reduction,INFORMATION TECHNOLOGY
ODEY HOLDINGS AG,Bank of America Corp. (North Carolina National Bank),BAC,9/30/2015,SH,28300,441000,0,0,2.9293,,10,999999,,new,FINANCE
ODEY HOLDINGS AG,Walt Disney Co. (The),DIS,9/30/2015,SH,4300,439000,2000,228000,2.916,1.8111,11,23,115,addition,COMMUNICATIONS
ODEY HOLDINGS AG,Microsoft Corp.,MSFT,9/30/2015,SH,9749,431000,10630,469000,2.8628,3.7255,12,7,-8.287865,reduction,INFORMATION TECHNOLOGY
ODEY HOLDINGS AG,Mastercard Inc,MA,9/30/2015,SH,4565,411000,4970,465000,2.73,3.6937,13,8,-8.148893,reduction,FINANCE
ODEY HOLDINGS AG,Celgene Corp.,CELG,9/30/2015,SH,3793,410000,4145,480000,2.7233,3.8129,14,6,-8.492159,reduction,HEALTH CARE
ODEY HOLDINGS AG,V.F. Corp. (Vanity Fair Mills Inc.),VFC,9/30/2015,SH,6255.18,402000,6690.6,439000,2.6702,3.4872,15,12,-6.507937,reduction,CONSUMER DISCRETIONARY
ODEY HOLDINGS AG,Linkedin Corporation,LNKD,9/30/2015,SH,2100,399000,1100,227000,2.6503,1.8032,16,26,90.909091,addition,INFORMATION TECHNOLOGY
ODEY HOLDINGS AG,Facebook Inc,FB,9/30/2015,SH,4320,388000,2800,240000,2.5772,1.9064,17,18,54.285714,addition,COMMUNICATIONS
ODEY HOLDINGS AG,Wheaton Precious Metals Corp,WPM,9/30/2015,SH,32000,384000,22300,387000,2.5506,3.0741,18,14,43.497758,addition,MATERIALS
ODEY HOLDINGS AG,Estee Lauder Companies Inc.,EL,9/30/2015,SH,4699,379000,2600,225000,2.5174,1.7873,19,29,80.730769,reduction,CONSUMER STAPLES
ODEY HOLDINGS AG,Charles Schwab Corp,SCHW,9/30/2015,SH,13129,375000,14200,464000,2.4909,3.6858,20,9,-7.542254,reduction,FINANCE
ODEY HOLDINGS AG,Costco Co.,COST,9/30/2015,SH,2507,362000,1420,192000,2.4045,1.5251,21,37,76.549296,addition,CONSUMER STAPLES
ODEY HOLDINGS AG,AutoZone Inc.,AZO,9/30/2015,SH,497,360000,300,200000,2.3912,1.5887,22,36,65.666667,addition,CONSUMER DISCRETIONARY
ODEY HOLDINGS AG,Goldman Sachs Group Inc,GS,9/30/2015,SH,2058,358000,2210,461000,2.3779,3.6619,23,10,-6.877828,reduction,FINANCE
ODEY HOLDINGS AG,Cognizant Technology Solutions Corp,CTSH,9/30/2015,SH,5706,357000,3700,226000,2.3713,1.7952,24,27,54.216216,reduction,INFORMATION TECHNOLOGY
ODEY HOLDINGS AG,"United Parcel Service, Inc. Class B",UPS,9/30/2015,SH,3600,355000,2200,213000,2.358,1.692,25,33,63.636364,addition,TRANSPORTS
ODEY HOLDINGS AG,VISA Inc,V,9/30/2015,SH,4984,347000,3400,228000,2.3049,1.8111,26,24,46.588235,reduction,FINANCE
ODEY HOLDINGS AG,NIMBLE STORAGE,NMBL,9/30/2015,SH,14100,340000,0,0,2.2584,,27,999999,,new,INFORMATION TECHNOLOGY
ODEY HOLDINGS AG,"Simon Property Group, Inc.",SPG,9/30/2015,SH,1850,340000,0,0,2.2584,,28,999999,,new,REAL ESTATE
ODEY HOLDINGS AG,Discover Financial Services,DFS,9/30/2015,SH,6307,328000,3820,220000,2.1787,1.7476,29,30,65.104712,addition,FINANCE
ODEY HOLDINGS AG,TripAdvisor Inc,TRIP,9/30/2015,SH,5200,328000,5000,436000,2.1787,3.4633,30,13,4,addition,CONSUMER DISCRETIONARY
ODEY HOLDINGS AG,"International Flavors and Fragrances, Inc.",IFF,9/30/2015,SH,3041,314000,1900,208000,2.0857,1.6522,31,35,60.052632,addition,MATERIALS
ODEY HOLDINGS AG,Core Laboratories N.V.,CLB,9/30/2015,SH,2586,258000,1500,171000,1.7137,1.3583,32,38,72.4,reduction,ENERGY
ODEY HOLDINGS AG,Briggs & Stratton Corporation,BGGSQ,9/30/2015,SH,10600,205000,0,0,1.3617,,33,999999,,new,INDUSTRIALS
ODEY HOLDINGS AG,Danaher Corp.,DHR,9/30/2015,SH,2400,205000,0,0,1.3617,,34,999999,,new,HEALTH CARE
ODEY HOLDINGS AG,Juniper Networks Inc,JNPR,9/30/2015,SH,7900,203000,0,0,1.3484,,35,999999,,new,INFORMATION TECHNOLOGY
ODEY HOLDINGS AG,Smucker (J.M.) Co.,SJM,9/30/2015,SH,1700,194000,0,0,1.2886,,36,999999,,new,CONSUMER STAPLES
ODEY HOLDINGS AG,CVS Health Corp. (Melville Shoe),CVS,9/30/2015,SH,2000,193000,0,0,1.282,,37,999999,,new,CONSUMER STAPLES
ODEY HOLDINGS AG,SolarCity Corp,SCTY,9/30/2015,SH,4400,188000,0,0,1.2488,,38,999999,,new,ENERGY
ODEY HOLDINGS AG,Moodys Corp,MCO,9/30/2015,SH,1904,187000,2100,227000,1.2421,1.8032,39,25,-9.333333,reduction,FINANCE
ODEY HOLDINGS AG,BlackRock Inc. Class A,BLK,9/30/2015,SH,572,170000,600,208000,1.1292,1.6522,40,34,-4.666667,reduction,FINANCE
ODEY HOLDINGS AG,EOG Resources Inc,EOG,9/30/2015,SH,1000,73000,0,0,0.4849,,41,999999,,new,ENERGY
ODEY HOLDINGS AG,"Signature Bank (New York, NY)",SBNY,9/30/2015,SH,0,0,3550,520000,,4.1306,999999,3,-100,soldall,FINANCE
ODEY HOLDINGS AG,"Chipotle Mexican Grill, Inc.",CMG,9/30/2015,SH,0,0,400,242000,,1.9223,999999,17,-100,soldall,CONSUMER DISCRETIONARY
ODEY HOLDINGS AG,"Yum! Brands, Inc. (Tricon Global Restaurants)",YUM,9/30/2015,SH,0,0,2500,225000,,1.7873,999999,28,-100,soldall,CONSUMER DISCRETIONARY
ODEY HOLDINGS AG,WisdomTree Investments Inc,WETF,9/30/2015,SH,0,0,11200,246000,,1.9541,999999,16,-100,soldall,FINANCE
ODEY HOLDINGS AG,FactSet Research Systems Inc,FDS,9/30/2015,SH,0,0,1400,228000,,1.8111,999999,22,-100,soldall,INFORMATION TECHNOLOGY
ODEY HOLDINGS AG,Whole Foods Market Inc.,WFM,9/30/2015,SH,0,0,4270,168000,,1.3345,999999,39,-100,soldall,CONSUMER STAPLES
ODEY HOLDINGS AG,Under Armour Inc,UAA,9/30/2015,SH,0,0,5600,234000,,1.8588,999999,20,-100,soldall,CONSUMER DISCRETIONARY
ODEY HOLDINGS AG,NIKE Inc.,NKE,9/30/2015,SH,0,0,9380,507000,,4.0273,999999,4,-100,soldall,CONSUMER DISCRETIONARY
ODEY HOLDINGS AG,MSCI Inc,MSCI,9/30/2015,SH,0,0,3500,215000,,1.7078,999999,32,-100,soldall,FINANCE
ODEY HOLDINGS AG,Clean Energy Fuels Corp,CLNE,9/30/2015,SH,0,0,18100,102000,,0.8102,999999,40,-100,soldall,ENERGY
ODEY HOLDINGS AG,Celgene Corp.,CELG,12/31/2015,SH,4496,538000,3793,410000,4.3811,2.7233,1,14,18.534142,addition,HEALTH CARE
ODEY HOLDINGS AG,Charles Schwab Corp,SCHW,12/31/2015,SH,15200,501000,13129,375000,4.0798,2.4909,2,20,15.77424,addition,FINANCE
ODEY HOLDINGS AG,Bank of America Corp. (North Carolina National Bank),BAC,12/31/2015,SH,29300,493000,28300,441000,4.0147,2.9293,3,10,3.533569,addition,FINANCE
ODEY HOLDINGS AG,Cognizant Technology Solutions Corp,CTSH,12/31/2015,SH,8079,485000,5706,357000,3.9495,2.3713,4,24,41.587802,addition,INFORMATION TECHNOLOGY
ODEY HOLDINGS AG,Booking Holdings Inc. (Priceline),BKNG,12/31/2015,SH,361,460000,400,495000,3.7459,3.2879,5,6,-9.75,reduction,CONSUMER DISCRETIONARY
ODEY HOLDINGS AG,Linkedin Corporation,LNKD,12/31/2015,SH,1940,437000,2100,399000,3.5586,2.6503,6,16,-7.619048,reduction,INFORMATION TECHNOLOGY
ODEY HOLDINGS AG,Dollar Tree Inc.,DLTR,12/31/2015,SH,5491,424000,7336,489000,3.4528,3.2481,7,7,-25.149945,reduction,CONSUMER DISCRETIONARY
ODEY HOLDINGS AG,Estee Lauder Companies Inc.,EL,12/31/2015,SH,4799,423000,4699,379000,3.4446,2.5174,8,19,2.128112,addition,CONSUMER STAPLES
ODEY HOLDINGS AG,Facebook Inc,FB,12/31/2015,SH,3986,417000,4320,388000,3.3958,2.5772,9,17,-7.731481,reduction,COMMUNICATIONS
ODEY HOLDINGS AG,Mastercard Inc,MA,12/31/2015,SH,4211,410000,4565,411000,3.3388,2.73,10,13,-7.754655,reduction,FINANCE
ODEY HOLDINGS AG,TripAdvisor Inc,TRIP,12/31/2015,SH,4799,409000,5200,328000,3.3306,2.1787,11,30,-7.711538,reduction,CONSUMER DISCRETIONARY
ODEY HOLDINGS AG,Activision Blizzard Inc,ATVI,12/31/2015,SH,10512,407000,14332,443000,3.3143,2.9425,12,9,-26.653642,reduction,INFORMATION TECHNOLOGY
ODEY HOLDINGS AG,Amazon.com Inc.,AMZN,12/31/2015,SH,600,406000,1228,629000,3.3062,4.178,13,3,-51.140065,reduction,CONSUMER DISCRETIONARY
ODEY HOLDINGS AG,AutoZone Inc.,AZO,12/31/2015,SH,542,402000,497,360000,3.2736,2.3912,14,22,9.054326,addition,CONSUMER DISCRETIONARY
ODEY HOLDINGS AG,"Simon Property Group, Inc.",SPG,12/31/2015,SH,2048,398000,1850,340000,3.241,2.2584,15,28,10.702703,addition,REAL ESTATE
ODEY HOLDINGS AG,"Home Depot, Inc. (The)",HD,12/31/2015,SH,3004,397000,5571,643000,3.2329,4.271,16,2,-46.077903,reduction,CONSUMER DISCRETIONARY
ODEY HOLDINGS AG,Alphabet Inc. Class A,GOOGL,12/31/2015,SH,508,395000,0,0,3.2166,,17,999999,,new,COMMUNICATIONS
ODEY HOLDINGS AG,Costco Co.,COST,12/31/2015,SH,2398,387000,2507,362000,3.1515,2.4045,18,21,-4.347826,reduction,CONSUMER STAPLES
ODEY HOLDINGS AG,Microsoft Corp.,MSFT,12/31/2015,SH,6891,382000,9749,431000,3.1107,2.8628,19,12,-29.315827,reduction,INFORMATION TECHNOLOGY
ODEY HOLDINGS AG,Discover Financial Services,DFS,12/31/2015,SH,7113,381000,6307,328000,3.1026,2.1787,20,29,12.779451,addition,FINANCE
ODEY HOLDINGS AG,Wheaton Precious Metals Corp,WPM,12/31/2015,SH,29482,366000,32000,384000,2.9805,2.5506,21,18,-7.86875,reduction,MATERIALS
ODEY HOLDINGS AG,Starbucks Corp.,SBUX,12/31/2015,SH,5970,358000,7900,449000,2.9153,2.9824,22,8,-24.43038,reduction,CONSUMER DISCRETIONARY
ODEY HOLDINGS AG,Gilead Sciences Inc.,GILD,12/31/2015,SH,3445,349000,5330,523000,2.842,3.4739,23,5,-35.365854,reduction,HEALTH CARE
ODEY HOLDINGS AG,Walt Disney Co. (The),DIS,12/31/2015,SH,3270,344000,4300,439000,2.8013,2.916,24,11,-23.953488,reduction,COMMUNICATIONS
ODEY HOLDINGS AG,V.F. Corp. (Vanity Fair Mills Inc.),VFC,12/31/2015,SH,5769.85,338000,6255.18,402000,2.7524,2.6702,25,15,-7.758849,reduction,CONSUMER DISCRETIONARY
ODEY HOLDINGS AG,"International Flavors and Fragrances, Inc.",IFF,12/31/2015,SH,2750,329000,3041,314000,2.6792,2.0857,26,31,-9.569221,reduction,MATERIALS
ODEY HOLDINGS AG,Apple Inc,AAPL,12/31/2015,SH,3100,326000,6457,712000,2.6547,4.7293,27,1,-51.990088,reduction,INFORMATION TECHNOLOGY
ODEY HOLDINGS AG,"United Parcel Service, Inc. Class B",UPS,12/31/2015,SH,3257,313000,3600,355000,2.5489,2.358,28,25,-9.527778,reduction,TRANSPORTS
ODEY HOLDINGS AG,Core Laboratories N.V.,CLB,12/31/2015,SH,2290,249000,2586,258000,2.0277,1.7137,29,32,-11.446249,reduction,ENERGY
ODEY HOLDINGS AG,"Electronic Arts, Inc.",EA,12/31/2015,SH,2700,186000,0,0,1.5147,,30,999999,,new,INFORMATION TECHNOLOGY
ODEY HOLDINGS AG,Whole Foods Market Inc.,WFM,12/31/2015,SH,5500,184000,0,0,1.4984,,31,999999,,new,CONSUMER STAPLES
ODEY HOLDINGS AG,Goldman Sachs Group Inc,GS,12/31/2015,SH,1000,180000,2058,358000,1.4658,2.3779,32,23,-51.409135,reduction,FINANCE
ODEY HOLDINGS AG,Schlumberger Ltd.,SLB,12/31/2015,SH,1500,105000,0,0,0.855,,33,999999,,new,ENERGY
ODEY HOLDINGS AG,EOG Resources Inc,EOG,12/31/2015,SH,1420,101000,1000,73000,0.8225,0.4849,34,41,42,addition,ENERGY
ODEY HOLDINGS AG,VISA Inc,V,12/31/2015,SH,0,0,4984,347000,,2.3049,999999,26,-100,soldall,FINANCE
ODEY HOLDINGS AG,SolarCity Corp,SCTY,12/31/2015,SH,0,0,4400,188000,,1.2488,999999,38,-100,soldall,ENERGY
ODEY HOLDINGS AG,Briggs & Stratton Corporation,BGGSQ,12/31/2015,SH,0,0,10600,205000,,1.3617,999999,33,-100,soldall,INDUSTRIALS
ODEY HOLDINGS AG,NIMBLE STORAGE,NMBL,12/31/2015,SH,0,0,14100,340000,,2.2584,999999,27,-100,soldall,INFORMATION TECHNOLOGY
ODEY HOLDINGS AG,Smucker (J.M.) Co.,SJM,12/31/2015,SH,0,0,1700,194000,,1.2886,999999,36,-100,soldall,CONSUMER STAPLES
ODEY HOLDINGS AG,Moodys Corp,MCO,12/31/2015,SH,0,0,1904,187000,,1.2421,999999,39,-100,soldall,FINANCE
ODEY HOLDINGS AG,Juniper Networks Inc,JNPR,12/31/2015,SH,0,0,7900,203000,,1.3484,999999,35,-100,soldall,INFORMATION TECHNOLOGY
ODEY HOLDINGS AG,Alphabet Inc. Class C,GOOG,12/31/2015,SH,0,0,900,548000,,3.64,999999,4,-100,soldall,COMMUNICATIONS
ODEY HOLDINGS AG,CVS Health Corp. (Melville Shoe),CVS,12/31/2015,SH,0,0,2000,193000,,1.282,999999,37,-100,soldall,CONSUMER STAPLES
ODEY HOLDINGS AG,Danaher Corp.,DHR,12/31/2015,SH,0,0,2400,205000,,1.3617,999999,34,-100,soldall,HEALTH CARE
ODEY HOLDINGS AG,BlackRock Inc. Class A,BLK,12/31/2015,SH,0,0,572,170000,,1.1292,999999,40,-100,soldall,FINANCE
ODEY HOLDINGS AG,Amazon.com Inc.,AMZN,3/31/2016,SH,869,516000,600,406000,8.949,3.3062,1,13,44.833333,addition,CONSUMER DISCRETIONARY
ODEY HOLDINGS AG,Wheaton Precious Metals Corp,WPM,3/31/2016,SH,28800,478000,29482,366000,8.29,2.9805,2,21,-2.313276,reduction,MATERIALS
ODEY HOLDINGS AG,Apple Inc,AAPL,3/31/2016,SH,3790,413000,3100,326000,7.1627,2.6547,3,27,22.258065,addition,INFORMATION TECHNOLOGY
ODEY HOLDINGS AG,Bristol-Myers Squibb Co,BMY,3/31/2016,SH,6140,392000,0,0,6.7985,,4,999999,,new,HEALTH CARE
ODEY HOLDINGS AG,Gilead Sciences Inc.,GILD,3/31/2016,SH,3552,326000,3445,349000,5.6538,2.842,5,23,3.105951,addition,HEALTH CARE
ODEY HOLDINGS AG,Charles Schwab Corp,SCHW,3/31/2016,SH,10216,286000,15200,501000,4.9601,4.0798,6,2,-32.789474,reduction,FINANCE
ODEY HOLDINGS AG,Mastercard Inc,MA,3/31/2016,SH,2928,277000,4211,410000,4.804,3.3388,7,10,-30.467822,reduction,FINANCE
ODEY HOLDINGS AG,Goldman Sachs Group Inc,GS,3/31/2016,SH,1679,264000,1000,180000,4.5786,1.4658,8,32,67.9,addition,FINANCE
ODEY HOLDINGS AG,"Adobe Systems, Inc.",ADBE,3/31/2016,SH,2804,263000,0,0,4.5612,,9,999999,,new,INFORMATION TECHNOLOGY
ODEY HOLDINGS AG,Cognizant Technology Solutions Corp,CTSH,3/31/2016,SH,4084,256000,8079,485000,4.4398,3.9495,10,4,-49.449189,reduction,INFORMATION TECHNOLOGY
ODEY HOLDINGS AG,Microsoft Corp.,MSFT,3/31/2016,SH,4600,254000,6891,382000,4.4051,3.1107,11,19,-33.246263,reduction,INFORMATION TECHNOLOGY
ODEY HOLDINGS AG,Starbucks Corp.,SBUX,3/31/2016,SH,4080,244000,5970,358000,4.2317,2.9153,12,22,-31.658291,reduction,CONSUMER DISCRETIONARY
ODEY HOLDINGS AG,Alphabet Inc. Class A,GOOGL,3/31/2016,SH,320,244000,508,395000,4.2317,3.2166,13,17,-37.007874,reduction,COMMUNICATIONS
ODEY HOLDINGS AG,Booking Holdings Inc. (Priceline),BKNG,3/31/2016,SH,185,238000,361,460000,4.1276,3.7459,14,5,-48.753463,reduction,CONSUMER DISCRETIONARY
ODEY HOLDINGS AG,Barrick Gold Corp,GOLD,3/31/2016,SH,17300,235000,0,0,4.0756,,15,999999,,new,MATERIALS
ODEY HOLDINGS AG,Walt Disney Co. (The),DIS,3/31/2016,SH,1974,196000,3270,344000,3.3992,2.8013,16,24,-39.633028,reduction,COMMUNICATIONS
ODEY HOLDINGS AG,TripAdvisor Inc,TRIP,3/31/2016,SH,2758,183000,4799,409000,3.1738,3.3306,17,11,-42.529694,reduction,CONSUMER DISCRETIONARY
ODEY HOLDINGS AG,Activision Blizzard Inc,ATVI,3/31/2016,SH,5341,181000,10512,407000,3.1391,3.3143,18,12,-49.1914,reduction,INFORMATION TECHNOLOGY
ODEY HOLDINGS AG,Linkedin Corporation,LNKD,3/31/2016,SH,1541,176000,1940,437000,3.0524,3.5586,19,6,-20.56701,reduction,INFORMATION TECHNOLOGY
ODEY HOLDINGS AG,AutoZone Inc.,AZO,3/31/2016,SH,196,156000,542,402000,2.7055,3.2736,20,14,-63.837638,reduction,CONSUMER DISCRETIONARY
ODEY HOLDINGS AG,Facebook Inc,FB,3/31/2016,SH,1100,126000,3986,417000,2.1852,3.3958,21,9,-72.403412,reduction,COMMUNICATIONS
ODEY HOLDINGS AG,Regeneron Pharmaceuticals Inc.,REGN,3/31/2016,SH,173,62000,0,0,1.0753,,22,999999,,new,HEALTH CARE
ODEY HOLDINGS AG,"United Parcel Service, Inc. Class B",UPS,3/31/2016,SH,0,0,3257,313000,,2.5489,999999,28,-100,soldall,TRANSPORTS
ODEY HOLDINGS AG,"Home Depot, Inc. (The)",HD,3/31/2016,SH,0,0,3004,397000,,3.2329,999999,16,-100,soldall,CONSUMER DISCRETIONARY
ODEY HOLDINGS AG,Estee Lauder Companies Inc.,EL,3/31/2016,SH,0,0,4799,423000,,3.4446,999999,8,-100,soldall,CONSUMER STAPLES
ODEY HOLDINGS AG,Dollar Tree Inc.,DLTR,3/31/2016,SH,0,0,5491,424000,,3.4528,999999,7,-100,soldall,CONSUMER DISCRETIONARY
ODEY HOLDINGS AG,Schlumberger Ltd.,SLB,3/31/2016,SH,0,0,1500,105000,,0.855,999999,33,-100,soldall,ENERGY
ODEY HOLDINGS AG,"Electronic Arts, Inc.",EA,3/31/2016,SH,0,0,2700,186000,,1.5147,999999,30,-100,soldall,INFORMATION TECHNOLOGY
ODEY HOLDINGS AG,"International Flavors and Fragrances, Inc.",IFF,3/31/2016,SH,0,0,2750,329000,,2.6792,999999,26,-100,soldall,MATERIALS
ODEY HOLDINGS AG,Bank of America Corp. (North Carolina National Bank),BAC,3/31/2016,SH,0,0,29300,493000,,4.0147,999999,3,-100,soldall,FINANCE
ODEY HOLDINGS AG,"Simon Property Group, Inc.",SPG,3/31/2016,SH,0,0,2048,398000,,3.241,999999,15,-100,soldall,REAL ESTATE
ODEY HOLDINGS AG,Discover Financial Services,DFS,3/31/2016,SH,0,0,7113,381000,,3.1026,999999,20,-100,soldall,FINANCE
ODEY HOLDINGS AG,Whole Foods Market Inc.,WFM,3/31/2016,SH,0,0,5500,184000,,1.4984,999999,31,-100,soldall,CONSUMER STAPLES
ODEY HOLDINGS AG,Costco Co.,COST,3/31/2016,SH,0,0,2398,387000,,3.1515,999999,18,-100,soldall,CONSUMER STAPLES
ODEY HOLDINGS AG,Celgene Corp.,CELG,3/31/2016,SH,0,0,4496,538000,,4.3811,999999,1,-100,soldall,HEALTH CARE
ODEY HOLDINGS AG,EOG Resources Inc,EOG,3/31/2016,SH,0,0,1420,101000,,0.8225,999999,34,-100,soldall,ENERGY
ODEY HOLDINGS AG,Core Laboratories N.V.,CLB,3/31/2016,SH,0,0,2290,249000,,2.0277,999999,29,-100,soldall,ENERGY
ODEY HOLDINGS AG,V.F. Corp. (Vanity Fair Mills Inc.),VFC,3/31/2016,SH,0,0,5769.85,338000,,2.7524,999999,25,-100,soldall,CONSUMER DISCRETIONARY
ODEY HOLDINGS AG,Amazon.com Inc.,AMZN,6/30/2016,SH,300,215000,869,516000,9.2752,8.949,1,1,-65.47756,reduction,CONSUMER DISCRETIONARY
ODEY HOLDINGS AG,Barrick Gold Corp,GOLD,6/30/2016,SH,8200,175000,17300,235000,7.5496,4.0756,2,15,-52.601156,reduction,MATERIALS
ODEY HOLDINGS AG,Wheaton Precious Metals Corp,WPM,6/30/2016,SH,7000,165000,28800,478000,7.1182,8.29,3,2,-75.694444,reduction,MATERIALS
ODEY HOLDINGS AG,Gilead Sciences Inc.,GILD,6/30/2016,SH,1700,142000,3552,326000,6.126,5.6538,4,5,-52.13964,reduction,HEALTH CARE
ODEY HOLDINGS AG,Linkedin Corporation,LNKD,6/30/2016,SH,720,136000,1541,176000,5.8671,3.0524,5,19,-53.277093,reduction,INFORMATION TECHNOLOGY
ODEY HOLDINGS AG,Bristol-Myers Squibb Co,BMY,6/30/2016,SH,1600,118000,6140,392000,5.0906,6.7985,6,4,-73.941368,reduction,HEALTH CARE
ODEY HOLDINGS AG,Apple Inc,AAPL,6/30/2016,SH,1200,115000,3790,413000,4.9612,7.1627,7,3,-68.337731,reduction,INFORMATION TECHNOLOGY
ODEY HOLDINGS AG,Starbucks Corp.,SBUX,6/30/2016,SH,2000,114000,4080,244000,4.918,4.2317,8,12,-50.980392,reduction,CONSUMER DISCRETIONARY
ODEY HOLDINGS AG,Microsoft Corp.,MSFT,6/30/2016,SH,2200,113000,4600,254000,4.8749,4.4051,9,11,-52.173913,reduction,INFORMATION TECHNOLOGY
ODEY HOLDINGS AG,Alphabet Inc. Class A,GOOGL,6/30/2016,SH,150,106000,320,244000,4.5729,4.2317,10,13,-53.125,reduction,COMMUNICATIONS
ODEY HOLDINGS AG,Booking Holdings Inc. (Priceline),BKNG,6/30/2016,SH,85,106000,185,238000,4.5729,4.1276,11,14,-54.054054,reduction,CONSUMER DISCRETIONARY
ODEY HOLDINGS AG,Activision Blizzard Inc,ATVI,6/30/2016,SH,2600,103000,5341,181000,4.4435,3.1391,12,18,-51.319978,reduction,INFORMATION TECHNOLOGY
ODEY HOLDINGS AG,Cognizant Technology Solutions Corp,CTSH,6/30/2016,SH,1600,92000,4084,256000,3.9689,4.4398,13,10,-60.822723,reduction,INFORMATION TECHNOLOGY
ODEY HOLDINGS AG,Regeneron Pharmaceuticals Inc.,REGN,6/30/2016,SH,240,84000,173,62000,3.6238,1.0753,14,22,38.728324,addition,HEALTH CARE
ODEY HOLDINGS AG,TripAdvisor Inc,TRIP,6/30/2016,SH,1300,84000,2758,183000,3.6238,3.1738,15,17,-52.864394,reduction,CONSUMER DISCRETIONARY
ODEY HOLDINGS AG,BlackRock Inc. Class A,BLK,6/30/2016,SH,185,63000,0,0,2.7179,,16,999999,,new,FINANCE
ODEY HOLDINGS AG,Discover Financial Services,DFS,6/30/2016,SH,1100,59000,0,0,2.5453,,17,999999,,new,FINANCE
ODEY HOLDINGS AG,Goldman Sachs Group Inc,GS,6/30/2016,SH,390,58000,1679,264000,2.5022,4.5786,18,8,-76.771888,reduction,FINANCE
ODEY HOLDINGS AG,Facebook Inc,FB,6/30/2016,SH,500,57000,1100,126000,2.459,2.1852,19,21,-54.545455,reduction,COMMUNICATIONS
ODEY HOLDINGS AG,"Adobe Systems, Inc.",ADBE,6/30/2016,SH,600,57000,2804,263000,2.459,4.5612,20,9,-78.601997,reduction,INFORMATION TECHNOLOGY
ODEY HOLDINGS AG,Royal Caribbean Cruises Ltd,RCL,6/30/2016,SH,800,54000,0,0,2.3296,,21,999999,,new,CONSUMER DISCRETIONARY
ODEY HOLDINGS AG,Bank of America Corp. (North Carolina National Bank),BAC,6/30/2016,SH,4000,53000,0,0,2.2865,,22,999999,,new,FINANCE
ODEY HOLDINGS AG,Fitbit Inc,FIT,6/30/2016,SH,4000,49000,0,0,2.1139,,23,999999,,new,INFORMATION TECHNOLOGY
ODEY HOLDINGS AG,Walt Disney Co. (The),DIS,6/30/2016,SH,0,0,1974,196000,,3.3992,999999,16,-100,soldall,COMMUNICATIONS
ODEY HOLDINGS AG,Mastercard Inc,MA,6/30/2016,SH,0,0,2928,277000,,4.804,999999,7,-100,soldall,FINANCE
ODEY HOLDINGS AG,AutoZone Inc.,AZO,6/30/2016,SH,0,0,196,156000,,2.7055,999999,20,-100,soldall,CONSUMER DISCRETIONARY
ODEY HOLDINGS AG,Charles Schwab Corp,SCHW,6/30/2016,SH,0,0,10216,286000,,4.9601,999999,6,-100,soldall,FINANCE
ODEY HOLDINGS AG,Bank of America Corp. (North Carolina National Bank),BAC,9/30/2016,SH,15000,235000,4000,53000,10.2486,2.2865,1,22,275,addition,FINANCE
ODEY HOLDINGS AG,Facebook Inc,FB,9/30/2016,SH,1800,231000,500,57000,10.0741,2.459,2,19,260,addition,COMMUNICATIONS
ODEY HOLDINGS AG,Alphabet Inc. Class A,GOOGL,9/30/2016,SH,190,153000,150,106000,6.6725,4.5729,3,10,26.666667,addition,COMMUNICATIONS
ODEY HOLDINGS AG,Activision Blizzard Inc,ATVI,9/30/2016,SH,3400,151000,2600,103000,6.5853,4.4435,4,12,30.769231,addition,INFORMATION TECHNOLOGY
ODEY HOLDINGS AG,Microsoft Corp.,MSFT,9/30/2016,SH,2200,127000,2200,113000,5.5386,4.8749,5,9,0,,INFORMATION TECHNOLOGY
ODEY HOLDINGS AG,Royal Caribbean Cruises Ltd,RCL,9/30/2016,SH,1700,127000,800,54000,5.5386,2.3296,6,21,112.5,addition,CONSUMER DISCRETIONARY
ODEY HOLDINGS AG,Amazon.com Inc.,AMZN,9/30/2016,SH,150,126000,300,215000,5.495,9.2752,7,1,-50,reduction,CONSUMER DISCRETIONARY
ODEY HOLDINGS AG,Booking Holdings Inc. (Priceline),BKNG,9/30/2016,SH,85,125000,85,106000,5.4514,4.5729,8,11,0,,CONSUMER DISCRETIONARY
ODEY HOLDINGS AG,TD Ameritrade Holding Corp Class A,AMTD,9/30/2016,SH,3500,123000,0,0,5.3642,,9,999999,,new,FINANCE
ODEY HOLDINGS AG,Apple Inc,AAPL,9/30/2016,SH,1000,113000,1200,115000,4.928,4.9612,10,7,-16.666667,reduction,INFORMATION TECHNOLOGY
ODEY HOLDINGS AG,Goldman Sachs Group Inc,GS,9/30/2016,SH,690,111000,390,58000,4.8408,2.5022,11,18,76.923077,addition,FINANCE
ODEY HOLDINGS AG,Celgene Corp.,CELG,9/30/2016,SH,1000,105000,0,0,4.5792,,12,999999,,new,HEALTH CARE
ODEY HOLDINGS AG,TripAdvisor Inc,TRIP,9/30/2016,SH,1300,82000,1300,84000,3.5761,3.6238,13,15,0,,CONSUMER DISCRETIONARY
ODEY HOLDINGS AG,Cognizant Technology Solutions Corp,CTSH,9/30/2016,SH,1600,76000,1600,92000,3.3144,3.9689,14,13,0,,INFORMATION TECHNOLOGY
ODEY HOLDINGS AG,BlackRock Inc. Class A,BLK,9/30/2016,SH,185,67000,185,63000,2.9219,2.7179,15,16,0,,FINANCE
ODEY HOLDINGS AG,Discover Financial Services,DFS,9/30/2016,SH,1100,62000,1100,59000,2.7039,2.5453,16,17,0,,FINANCE
ODEY HOLDINGS AG,Fitbit Inc,FIT,9/30/2016,SH,4000,59000,4000,49000,2.573,2.1139,17,23,0,,INFORMATION TECHNOLOGY
ODEY HOLDINGS AG,Wheaton Precious Metals Corp,WPM,9/30/2016,SH,2100,57000,7000,165000,2.4858,7.1182,18,3,-70,reduction,MATERIALS
ODEY HOLDINGS AG,Regeneron Pharmaceuticals Inc.,REGN,9/30/2016,SH,140,56000,240,84000,2.4422,3.6238,19,14,-41.666667,reduction,HEALTH CARE
ODEY HOLDINGS AG,Kinross Gold Corp. ADR,KGC,9/30/2016,SH,13000,55000,0,0,2.3986,,20,999999,,new,MATERIALS
ODEY HOLDINGS AG,Alexion Pharmaceuticals Inc.,ALXN,9/30/2016,SH,425,52000,0,0,2.2678,,21,999999,,new,HEALTH CARE
ODEY HOLDINGS AG,Barrick Gold Corp,GOLD,9/30/2016,SH,0,0,8200,175000,,7.5496,999999,2,-100,soldall,MATERIALS
ODEY HOLDINGS AG,Starbucks Corp.,SBUX,9/30/2016,SH,0,0,2000,114000,,4.918,999999,8,-100,soldall,CONSUMER DISCRETIONARY
ODEY HOLDINGS AG,Linkedin Corporation,LNKD,9/30/2016,SH,0,0,720,136000,,5.8671,999999,5,-100,soldall,INFORMATION TECHNOLOGY
ODEY HOLDINGS AG,"Adobe Systems, Inc.",ADBE,9/30/2016,SH,0,0,600,57000,,2.459,999999,20,-100,soldall,INFORMATION TECHNOLOGY
ODEY HOLDINGS AG,Gilead Sciences Inc.,GILD,9/30/2016,SH,0,0,1700,142000,,6.126,999999,4,-100,soldall,HEALTH CARE
ODEY HOLDINGS AG,Bristol-Myers Squibb Co,BMY,9/30/2016,SH,0,0,1600,118000,,5.0906,999999,6,-100,soldall,HEALTH CARE
ODEY HOLDINGS AG,Bank of America Corp. (North Carolina National Bank),BAC,12/31/2016,SH,7370,163000,15000,235000,10.5502,10.2486,1,1,-50.866667,reduction,FINANCE
ODEY HOLDINGS AG,Apple Inc,AAPL,12/31/2016,SH,1273,147000,1000,113000,9.5146,4.928,2,10,27.3,addition,INFORMATION TECHNOLOGY
ODEY HOLDINGS AG,Facebook Inc,FB,12/31/2016,SH,1206,139000,1800,231000,8.9968,10.0741,3,2,-33,reduction,COMMUNICATIONS
ODEY HOLDINGS AG,Goldman Sachs Group Inc,GS,12/31/2016,SH,462,111000,690,111000,7.1845,4.8408,4,11,-33.043478,reduction,FINANCE
ODEY HOLDINGS AG,Booking Holdings Inc. (Priceline),BKNG,12/31/2016,SH,74,108000,85,125000,6.9903,5.4514,5,8,-12.941176,reduction,CONSUMER DISCRETIONARY
ODEY HOLDINGS AG,Alphabet Inc. Class A,GOOGL,12/31/2016,SH,134,106000,190,153000,6.8608,6.6725,6,3,-29.473684,reduction,COMMUNICATIONS
ODEY HOLDINGS AG,Discover Financial Services,DFS,12/31/2016,SH,1273,92000,1100,62000,5.9547,2.7039,7,16,15.727273,addition,FINANCE
ODEY HOLDINGS AG,Celgene Corp.,CELG,12/31/2016,SH,670,78000,1000,105000,5.0485,4.5792,8,12,-33,reduction,HEALTH CARE
ODEY HOLDINGS AG,Lam Research Corp.,LRCX,12/31/2016,SH,737,78000,0,0,5.0485,,9,999999,,new,INFORMATION TECHNOLOGY
ODEY HOLDINGS AG,Broadcom Ltd. (Avago Technologies),AVGO,12/31/2016,SH,402,71000,0,0,4.5955,,10,999999,,new,INFORMATION TECHNOLOGY
ODEY HOLDINGS AG,Amazon.com Inc.,AMZN,12/31/2016,SH,90,67000,150,126000,4.3366,5.495,11,7,-40,reduction,CONSUMER DISCRETIONARY
ODEY HOLDINGS AG,Cognizant Technology Solutions Corp,CTSH,12/31/2016,SH,1072,60000,1600,76000,3.8835,3.3144,12,14,-33,reduction,INFORMATION TECHNOLOGY
ODEY HOLDINGS AG,Bristol-Myers Squibb Co,BMY,12/31/2016,SH,670,39000,0,0,2.5243,,13,999999,,new,HEALTH CARE
ODEY HOLDINGS AG,Royal Caribbean Cruises Ltd,RCL,12/31/2016,SH,469,38000,1700,127000,2.4595,5.5386,14,6,-72.411765,reduction,CONSUMER DISCRETIONARY
ODEY HOLDINGS AG,Microsoft Corp.,MSFT,12/31/2016,SH,603,37000,2200,127000,2.3948,5.5386,15,5,-72.590909,reduction,INFORMATION TECHNOLOGY
ODEY HOLDINGS AG,Activision Blizzard Inc,ATVI,12/31/2016,SH,1005,36000,3400,151000,2.3301,6.5853,16,4,-70.441176,reduction,INFORMATION TECHNOLOGY
ODEY HOLDINGS AG,Estee Lauder Companies Inc.,EL,12/31/2016,SH,469,36000,0,0,2.3301,,17,999999,,new,CONSUMER STAPLES
ODEY HOLDINGS AG,Regeneron Pharmaceuticals Inc.,REGN,12/31/2016,SH,94,35000,140,56000,2.2654,2.4422,18,19,-32.857143,reduction,HEALTH CARE
ODEY HOLDINGS AG,Biogen Inc,BIIB,12/31/2016,SH,121,34000,0,0,2.2006,,19,999999,,new,HEALTH CARE
ODEY HOLDINGS AG,Wheaton Precious Metals Corp,WPM,12/31/2016,SH,1407,27000,2100,57000,1.7476,2.4858,20,18,-33,reduction,MATERIALS
ODEY HOLDINGS AG,Kinross Gold Corp. ADR,KGC,12/31/2016,SH,8710,27000,13000,55000,1.7476,2.3986,21,20,-33,reduction,MATERIALS
ODEY HOLDINGS AG,TripAdvisor Inc,TRIP,12/31/2016,SH,335,16000,1300,82000,1.0356,3.5761,22,13,-74.230769,reduction,CONSUMER DISCRETIONARY
ODEY HOLDINGS AG,Fitbit Inc,FIT,12/31/2016,SH,0,0,4000,59000,,2.573,999999,17,-100,soldall,INFORMATION TECHNOLOGY
ODEY HOLDINGS AG,Alexion Pharmaceuticals Inc.,ALXN,12/31/2016,SH,0,0,425,52000,,2.2678,999999,21,-100,soldall,HEALTH CARE
ODEY HOLDINGS AG,BlackRock Inc. Class A,BLK,12/31/2016,SH,0,0,185,67000,,2.9219,999999,15,-100,soldall,FINANCE
ODEY HOLDINGS AG,TD Ameritrade Holding Corp Class A,AMTD,12/31/2016,SH,0,0,3500,123000,,5.3642,999999,9,-100,soldall,FINANCE
ODEY HOLDINGS AG,Facebook Inc,FB,3/31/2017,SH,1006,143000,1206,139000,12.2747,8.9968,1,3,-16.583748,reduction,COMMUNICATIONS
ODEY HOLDINGS AG,Booking Holdings Inc. (Priceline),BKNG,3/31/2017,SH,59,105000,74,108000,9.0129,6.9903,2,5,-20.27027,reduction,CONSUMER DISCRETIONARY
ODEY HOLDINGS AG,Lam Research Corp.,LRCX,3/31/2017,SH,737,95000,737,78000,8.1545,5.0485,3,9,0,,INFORMATION TECHNOLOGY
ODEY HOLDINGS AG,Alphabet Inc. Class A,GOOGL,3/31/2017,SH,110,93000,134,106000,7.9828,6.8608,4,6,-17.910448,reduction,COMMUNICATIONS
ODEY HOLDINGS AG,Celgene Corp.,CELG,3/31/2017,SH,590,73000,670,78000,6.2661,5.0485,5,8,-11.940299,reduction,HEALTH CARE
ODEY HOLDINGS AG,Broadcom Ltd. (Avago Technologies),AVGO,3/31/2017,SH,330,72000,402,71000,6.1803,4.5955,6,10,-17.910448,reduction,INFORMATION TECHNOLOGY
ODEY HOLDINGS AG,Apple Inc,AAPL,3/31/2017,SH,500,72000,1273,147000,6.1803,9.5146,7,2,-60.722702,reduction,INFORMATION TECHNOLOGY
ODEY HOLDINGS AG,Discover Financial Services,DFS,3/31/2017,SH,1055,72000,1273,92000,6.1803,5.9547,8,7,-17.124902,reduction,FINANCE
ODEY HOLDINGS AG,Bank of America Corp. (North Carolina National Bank),BAC,3/31/2017,SH,2420,57000,7370,163000,4.8927,10.5502,9,1,-67.164179,reduction,FINANCE
ODEY HOLDINGS AG,Goldman Sachs Group Inc,GS,3/31/2017,SH,240,55000,462,111000,4.721,7.1845,10,4,-48.051948,reduction,FINANCE
ODEY HOLDINGS AG,Activision Blizzard Inc,ATVI,3/31/2017,SH,775,39000,1005,36000,3.3476,2.3301,11,16,-22.885572,reduction,INFORMATION TECHNOLOGY
ODEY HOLDINGS AG,Royal Caribbean Cruises Ltd,RCL,3/31/2017,SH,370,36000,469,38000,3.0901,2.4595,12,14,-21.108742,reduction,CONSUMER DISCRETIONARY
ODEY HOLDINGS AG,Bristol-Myers Squibb Co,BMY,3/31/2017,SH,575,31000,670,39000,2.6609,2.5243,13,13,-14.179104,reduction,HEALTH CARE
ODEY HOLDINGS AG,Microsoft Corp.,MSFT,3/31/2017,SH,470,31000,603,37000,2.6609,2.3948,14,15,-22.056385,reduction,INFORMATION TECHNOLOGY
ODEY HOLDINGS AG,Amazon.com Inc.,AMZN,3/31/2017,SH,35,31000,90,67000,2.6609,4.3366,15,11,-61.111111,reduction,CONSUMER DISCRETIONARY
ODEY HOLDINGS AG,MGIC Investment Corp. (1984),MTG,3/31/2017,SH,3000,30000,0,0,2.5751,,16,999999,,new,FINANCE
ODEY HOLDINGS AG,Regeneron Pharmaceuticals Inc.,REGN,3/31/2017,SH,74,29000,94,35000,2.4893,2.2654,17,18,-21.276596,reduction,HEALTH CARE
ODEY HOLDINGS AG,Biogen Inc,BIIB,3/31/2017,SH,95,26000,121,34000,2.2318,2.2006,18,19,-21.487603,reduction,HEALTH CARE
ODEY HOLDINGS AG,Kinross Gold Corp. ADR,KGC,3/31/2017,SH,7000,25000,8710,27000,2.1459,1.7476,19,21,-19.632606,reduction,MATERIALS
ODEY HOLDINGS AG,TripAdvisor Inc,TRIP,3/31/2017,SH,570,25000,335,16000,2.1459,1.0356,20,22,70.149254,addition,CONSUMER DISCRETIONARY
ODEY HOLDINGS AG,Wheaton Precious Metals Corp,WPM,3/31/2017,SH,1200,25000,1407,27000,2.1459,1.7476,21,20,-14.712154,reduction,MATERIALS
ODEY HOLDINGS AG,Estee Lauder Companies Inc.,EL,3/31/2017,SH,0,0,469,36000,,2.3301,999999,17,-100,soldall,CONSUMER STAPLES
ODEY HOLDINGS AG,Cognizant Technology Solutions Corp,CTSH,3/31/2017,SH,0,0,1072,60000,,3.8835,999999,12,-100,soldall,INFORMATION TECHNOLOGY
ODEY HOLDINGS AG,Facebook Inc,FB,6/30/2017,SH,1060,160000,1006,143000,11.544,12.2747,1,1,5.367793,addition,COMMUNICATIONS
ODEY HOLDINGS AG,Alphabet Inc. Class A,GOOGL,6/30/2017,SH,130,121000,110,93000,8.7302,7.9828,2,4,18.181818,addition,COMMUNICATIONS
ODEY HOLDINGS AG,Lam Research Corp.,LRCX,6/30/2017,SH,810,115000,737,95000,8.2973,8.1545,3,3,9.90502,addition,INFORMATION TECHNOLOGY
ODEY HOLDINGS AG,Booking Holdings Inc. (Priceline),BKNG,6/30/2017,SH,59,110000,59,105000,7.9365,9.0129,4,2,0,,CONSUMER DISCRETIONARY
ODEY HOLDINGS AG,Apple Inc,AAPL,6/30/2017,SH,640,92000,500,72000,6.6378,6.1803,5,7,28,addition,INFORMATION TECHNOLOGY
ODEY HOLDINGS AG,Broadcom Ltd. (Avago Technologies),AVGO,6/30/2017,SH,390,91000,330,72000,6.5657,6.1803,6,6,18.181818,addition,INFORMATION TECHNOLOGY
ODEY HOLDINGS AG,Regeneron Pharmaceuticals Inc.,REGN,6/30/2017,SH,148,73000,74,29000,5.267,2.4893,7,17,100,addition,HEALTH CARE
ODEY HOLDINGS AG,Discover Financial Services,DFS,6/30/2017,SH,1055,66000,1055,72000,4.7619,6.1803,8,8,0,,FINANCE
ODEY HOLDINGS AG,Activision Blizzard Inc,ATVI,6/30/2017,SH,1100,63000,775,39000,4.5455,3.3476,9,11,41.935484,addition,INFORMATION TECHNOLOGY
ODEY HOLDINGS AG,Bank of America Corp. (North Carolina National Bank),BAC,6/30/2017,SH,2420,59000,2420,57000,4.2569,4.8927,10,9,0,,FINANCE
ODEY HOLDINGS AG,Alexion Pharmaceuticals Inc.,ALXN,6/30/2017,SH,460,56000,0,0,4.0404,,11,999999,,new,HEALTH CARE
ODEY HOLDINGS AG,Goldman Sachs Group Inc,GS,6/30/2017,SH,240,53000,240,55000,3.824,4.721,12,10,0,,FINANCE
ODEY HOLDINGS AG,Royal Caribbean Cruises Ltd,RCL,6/30/2017,SH,370,40000,370,36000,2.886,3.0901,13,12,0,,CONSUMER DISCRETIONARY
ODEY HOLDINGS AG,"Vertex Pharmaceuticals, Inc.",VRTX,6/30/2017,SH,276,36000,0,0,2.5974,,14,999999,,new,HEALTH CARE
ODEY HOLDINGS AG,BMC Stock Holdings Inc,BMCH,6/30/2017,SH,1600,35000,0,0,2.5253,,15,999999,,new,CONSUMER DISCRETIONARY
ODEY HOLDINGS AG,Amazon.com Inc.,AMZN,6/30/2017,SH,35,34000,35,31000,2.4531,2.6609,16,15,0,,CONSUMER DISCRETIONARY
ODEY HOLDINGS AG,MGIC Investment Corp. (1984),MTG,6/30/2017,SH,3000,34000,3000,30000,2.4531,2.5751,17,16,0,,FINANCE
ODEY HOLDINGS AG,Microsoft Corp.,MSFT,6/30/2017,SH,470,32000,470,31000,2.3088,2.6609,18,14,0,,INFORMATION TECHNOLOGY
ODEY HOLDINGS AG,TripAdvisor Inc,TRIP,6/30/2017,SH,850,32000,570,25000,2.3088,2.1459,19,20,49.122807,addition,CONSUMER DISCRETIONARY
ODEY HOLDINGS AG,Bristol-Myers Squibb Co,BMY,6/30/2017,SH,575,32000,575,31000,2.3088,2.6609,20,13,0,,HEALTH CARE
ODEY HOLDINGS AG,Kinross Gold Corp. ADR,KGC,6/30/2017,SH,7000,28000,7000,25000,2.0202,2.1459,21,19,0,,MATERIALS
ODEY HOLDINGS AG,Wheaton Precious Metals Corp,WPM,6/30/2017,SH,1200,24000,1200,25000,1.7316,2.1459,22,21,0,,MATERIALS
ODEY HOLDINGS AG,Celgene Corp.,CELG,6/30/2017,SH,0,0,590,73000,,6.2661,999999,5,-100,soldall,HEALTH CARE
ODEY HOLDINGS AG,Biogen Inc,BIIB,6/30/2017,SH,0,0,95,26000,,2.2318,999999,18,-100,soldall,HEALTH CARE
ODEY HOLDINGS AG,Facebook Inc,FB,9/30/2017,SH,1060,181000,1060,160000,11.8689,11.544,1,1,0,,COMMUNICATIONS
ODEY HOLDINGS AG,Lam Research Corp.,LRCX,9/30/2017,SH,810,150000,810,115000,9.8361,8.2973,2,3,0,,INFORMATION TECHNOLOGY
ODEY HOLDINGS AG,Bank of America Corp. (North Carolina National Bank),BAC,9/30/2017,SH,5300,134000,2420,59000,8.7869,4.2569,3,10,119.008264,addition,FINANCE
ODEY HOLDINGS AG,Alphabet Inc. Class A,GOOGL,9/30/2017,SH,130,127000,130,121000,8.3279,8.7302,4,2,0,,COMMUNICATIONS
ODEY HOLDINGS AG,Booking Holdings Inc. (Priceline),BKNG,9/30/2017,SH,69,126000,59,110000,8.2623,7.9365,5,4,16.949153,addition,CONSUMER DISCRETIONARY
ODEY HOLDINGS AG,JPMorgan Chase & Co. (Chemical Bank),JPM,9/30/2017,SH,1050,100000,0,0,6.5574,,6,999999,,new,FINANCE
ODEY HOLDINGS AG,Apple Inc,AAPL,9/30/2017,SH,640,99000,640,92000,6.4918,6.6378,7,5,0,,INFORMATION TECHNOLOGY
ODEY HOLDINGS AG,Broadcom Ltd. (Avago Technologies),AVGO,9/30/2017,SH,390,95000,390,91000,6.2295,6.5657,8,6,0,,INFORMATION TECHNOLOGY
ODEY HOLDINGS AG,Activision Blizzard Inc,ATVI,9/30/2017,SH,1100,71000,1100,63000,4.6557,4.5455,9,9,0,,INFORMATION TECHNOLOGY
ODEY HOLDINGS AG,Regeneron Pharmaceuticals Inc.,REGN,9/30/2017,SH,148,66000,148,73000,4.3279,5.267,10,7,0,,HEALTH CARE
ODEY HOLDINGS AG,Alexion Pharmaceuticals Inc.,ALXN,9/30/2017,SH,460,65000,460,56000,4.2623,4.0404,11,11,0,,HEALTH CARE
ODEY HOLDINGS AG,TripAdvisor Inc,TRIP,9/30/2017,SH,1350,55000,850,32000,3.6066,2.3088,12,19,58.823529,addition,CONSUMER DISCRETIONARY
ODEY HOLDINGS AG,"Vertex Pharmaceuticals, Inc.",VRTX,9/30/2017,SH,276,42000,276,36000,2.7541,2.5974,13,14,0,,HEALTH CARE
ODEY HOLDINGS AG,MGIC Investment Corp. (1984),MTG,9/30/2017,SH,3000,38000,3000,34000,2.4918,2.4531,14,17,0,,FINANCE
ODEY HOLDINGS AG,Microsoft Corp.,MSFT,9/30/2017,SH,470,35000,470,32000,2.2951,2.3088,15,18,0,,INFORMATION TECHNOLOGY
ODEY HOLDINGS AG,Amazon.com Inc.,AMZN,9/30/2017,SH,35,34000,35,34000,2.2295,2.4531,16,16,0,,CONSUMER DISCRETIONARY
ODEY HOLDINGS AG,BMC Stock Holdings Inc,BMCH,9/30/2017,SH,1600,34000,1600,35000,2.2295,2.5253,17,15,0,,CONSUMER DISCRETIONARY
ODEY HOLDINGS AG,Kinross Gold Corp. ADR,KGC,9/30/2017,SH,7000,30000,7000,28000,1.9672,2.0202,18,21,0,,MATERIALS
ODEY HOLDINGS AG,Wheaton Precious Metals Corp,WPM,9/30/2017,SH,1200,23000,1200,24000,1.5082,1.7316,19,22,0,,MATERIALS
ODEY HOLDINGS AG,Ambarella Inc,AMBA,9/30/2017,SH,400,20000,0,0,1.3115,,20,999999,,new,INFORMATION TECHNOLOGY
ODEY HOLDINGS AG,Bristol-Myers Squibb Co,BMY,9/30/2017,SH,0,0,575,32000,,2.3088,999999,20,-100,soldall,HEALTH CARE
ODEY HOLDINGS AG,Discover Financial Services,DFS,9/30/2017,SH,0,0,1055,66000,,4.7619,999999,8,-100,soldall,FINANCE
ODEY HOLDINGS AG,Royal Caribbean Cruises Ltd,RCL,9/30/2017,SH,0,0,370,40000,,2.886,999999,13,-100,soldall,CONSUMER DISCRETIONARY
ODEY HOLDINGS AG,Goldman Sachs Group Inc,GS,9/30/2017,SH,0,0,240,53000,,3.824,999999,12,-100,soldall,FINANCE
ODEY HOLDINGS AG,Facebook Inc,FB,12/31/2017,SH,1060,187000,1060,181000,11.4303,11.8689,1,1,0,,COMMUNICATIONS
ODEY HOLDINGS AG,Bank of America Corp. (North Carolina National Bank),BAC,12/31/2017,SH,5300,156000,5300,134000,9.5355,8.7869,2,3,0,,FINANCE
ODEY HOLDINGS AG,Lam Research Corp.,LRCX,12/31/2017,SH,810,149000,810,150000,9.1076,9.8361,3,2,0,,INFORMATION TECHNOLOGY
ODEY HOLDINGS AG,Alphabet Inc. Class A,GOOGL,12/31/2017,SH,130,137000,130,127000,8.3741,8.3279,4,4,0,,COMMUNICATIONS
ODEY HOLDINGS AG,Booking Holdings Inc. (Priceline),BKNG,12/31/2017,SH,69,120000,69,126000,7.335,8.2623,5,5,0,,CONSUMER DISCRETIONARY
ODEY HOLDINGS AG,JPMorgan Chase & Co. (Chemical Bank),JPM,12/31/2017,SH,1050,112000,1050,100000,6.846,6.5574,6,6,0,,FINANCE
ODEY HOLDINGS AG,Broadcom Ltd. (Avago Technologies),AVGO,12/31/2017,SH,390,100000,390,95000,6.1125,6.2295,7,8,0,,INFORMATION TECHNOLOGY
ODEY HOLDINGS AG,Apple Inc,AAPL,12/31/2017,SH,440,74000,640,99000,4.5232,6.4918,8,7,-31.25,reduction,INFORMATION TECHNOLOGY
ODEY HOLDINGS AG,Activision Blizzard Inc,ATVI,12/31/2017,SH,1100,70000,1100,71000,4.2787,4.6557,9,9,0,,INFORMATION TECHNOLOGY
ODEY HOLDINGS AG,Regeneron Pharmaceuticals Inc.,REGN,12/31/2017,SH,148,56000,148,66000,3.423,4.3279,10,10,0,,HEALTH CARE
ODEY HOLDINGS AG,Alexion Pharmaceuticals Inc.,ALXN,12/31/2017,SH,460,55000,460,65000,3.3619,4.2623,11,11,0,,HEALTH CARE
ODEY HOLDINGS AG,TripAdvisor Inc,TRIP,12/31/2017,SH,1350,47000,1350,55000,2.8729,3.6066,12,12,0,,CONSUMER DISCRETIONARY
ODEY HOLDINGS AG,MGIC Investment Corp. (1984),MTG,12/31/2017,SH,3000,42000,3000,38000,2.5672,2.4918,13,14,0,,FINANCE
ODEY HOLDINGS AG,"Vertex Pharmaceuticals, Inc.",VRTX,12/31/2017,SH,276,41000,276,42000,2.5061,2.7541,14,13,0,,HEALTH CARE
ODEY HOLDINGS AG,Amazon.com Inc.,AMZN,12/31/2017,SH,35,41000,35,34000,2.5061,2.2295,15,16,0,,CONSUMER DISCRETIONARY
ODEY HOLDINGS AG,Microsoft Corp.,MSFT,12/31/2017,SH,470,40000,470,35000,2.445,2.2951,16,15,0,,INFORMATION TECHNOLOGY
ODEY HOLDINGS AG,Comcast Corp.  Class A,CMCSA,12/31/2017,SH,1000,40000,0,0,2.445,,17,999999,,new,COMMUNICATIONS
ODEY HOLDINGS AG,BMC Stock Holdings Inc,BMCH,12/31/2017,SH,1600,40000,1600,34000,2.445,2.2295,18,17,0,,CONSUMER DISCRETIONARY
ODEY HOLDINGS AG,Celgene Corp.,CELG,12/31/2017,SH,360,38000,0,0,2.3227,,19,999999,,new,HEALTH CARE
ODEY HOLDINGS AG,Charter Communications Inc,CHTR,12/31/2017,SH,100,34000,0,0,2.0782,,20,999999,,new,COMMUNICATIONS
ODEY HOLDINGS AG,Kinross Gold Corp. ADR,KGC,12/31/2017,SH,7000,30000,7000,30000,1.8337,1.9672,21,18,0,,MATERIALS
ODEY HOLDINGS AG,Wheaton Precious Metals Corp,WPM,12/31/2017,SH,1200,27000,1200,23000,1.6504,1.5082,22,19,0,,MATERIALS
ODEY HOLDINGS AG,Ambarella Inc,AMBA,12/31/2017,SH,0,0,400,20000,,1.3115,999999,20,-100,soldall,INFORMATION TECHNOLOGY
ODEY HOLDINGS AG,Bank of America Corp. (North Carolina National Bank),BAC,3/31/2018,SH,4600,138000,5300,156000,10.9091,9.5355,1,2,-13.207547,reduction,FINANCE
ODEY HOLDINGS AG,JPMorgan Chase & Co. (Chemical Bank),JPM,3/31/2018,SH,1050,115000,1050,112000,9.0909,6.846,2,6,0,,FINANCE
ODEY HOLDINGS AG,Booking Holdings Inc. (Priceline),BKNG,3/31/2018,SH,37,77000,69,120000,6.087,7.335,3,5,-46.376812,reduction,CONSUMER DISCRETIONARY
ODEY HOLDINGS AG,Activision Blizzard Inc,ATVI,3/31/2018,SH,1100,74000,1100,70000,5.8498,4.2787,4,9,0,,INFORMATION TECHNOLOGY
ODEY HOLDINGS AG,Apple Inc,AAPL,3/31/2018,SH,440,74000,440,74000,5.8498,4.5232,5,8,0,,INFORMATION TECHNOLOGY
ODEY HOLDINGS AG,Alphabet Inc. Class A,GOOGL,3/31/2018,SH,62,64000,130,137000,5.0593,8.3741,6,4,-52.307692,reduction,COMMUNICATIONS
ODEY HOLDINGS AG,Broadcom Ltd. (Avago Technologies),AVGO,3/31/2018,SH,260,61000,390,100000,4.8221,6.1125,7,7,-33.333333,reduction,INFORMATION TECHNOLOGY
ODEY HOLDINGS AG,Facebook Inc,FB,3/31/2018,SH,370,59000,1060,187000,4.664,11.4303,8,1,-65.09434,reduction,COMMUNICATIONS
ODEY HOLDINGS AG,TripAdvisor Inc,TRIP,3/31/2018,SH,1350,55000,1350,47000,4.3478,2.8729,9,12,0,,CONSUMER DISCRETIONARY
ODEY HOLDINGS AG,Amazon.com Inc.,AMZN,3/31/2018,SH,35,51000,35,41000,4.0316,2.5061,10,15,0,,CONSUMER DISCRETIONARY
ODEY HOLDINGS AG,Regeneron Pharmaceuticals Inc.,REGN,3/31/2018,SH,148,51000,148,56000,4.0316,3.423,11,10,0,,HEALTH CARE
ODEY HOLDINGS AG,Alexion Pharmaceuticals Inc.,ALXN,3/31/2018,SH,460,51000,460,55000,4.0316,3.3619,12,11,0,,HEALTH CARE
ODEY HOLDINGS AG,"Vertex Pharmaceuticals, Inc.",VRTX,3/31/2018,SH,276,45000,276,41000,3.5573,2.5061,13,14,0,,HEALTH CARE
ODEY HOLDINGS AG,Microsoft Corp.,MSFT,3/31/2018,SH,470,43000,470,40000,3.3992,2.445,14,16,0,,INFORMATION TECHNOLOGY
ODEY HOLDINGS AG,MGIC Investment Corp. (1984),MTG,3/31/2018,SH,3000,39000,3000,42000,3.083,2.5672,15,13,0,,FINANCE
ODEY HOLDINGS AG,Lam Research Corp.,LRCX,3/31/2018,SH,175,36000,810,149000,2.8458,9.1076,16,3,-78.395062,reduction,INFORMATION TECHNOLOGY
ODEY HOLDINGS AG,Comcast Corp.  Class A,CMCSA,3/31/2018,SH,1000,34000,1000,40000,2.6877,2.445,17,17,0,,COMMUNICATIONS
ODEY HOLDINGS AG,BMC Stock Holdings Inc,BMCH,3/31/2018,SH,1600,31000,1600,40000,2.4506,2.445,18,18,0,,CONSUMER DISCRETIONARY
ODEY HOLDINGS AG,Charter Communications Inc,CHTR,3/31/2018,SH,100,31000,100,34000,2.4506,2.0782,19,20,0,,COMMUNICATIONS
ODEY HOLDINGS AG,Kinross Gold Corp. ADR,KGC,3/31/2018,SH,7000,28000,7000,30000,2.2134,1.8337,20,21,0,,MATERIALS
ODEY HOLDINGS AG,Dollar Tree Inc.,DLTR,3/31/2018,SH,200,19000,0,0,1.502,,21,999999,,new,CONSUMER DISCRETIONARY
ODEY HOLDINGS AG,The Stars Group,TSG,3/31/2018,SH,700,19000,0,0,1.502,,22,999999,,new,INFORMATION TECHNOLOGY
ODEY HOLDINGS AG,Alibaba Group Holding Ltd ADR,BABA,3/31/2018,SH,100,18000,0,0,1.4229,,23,999999,,new,COMMUNICATIONS
ODEY HOLDINGS AG,Sprint Corp,S,3/31/2018,SH,3000,15000,0,0,1.1858,,24,999999,,new,UTILITIES AND TELECOMMUNICATIONS
ODEY HOLDINGS AG,Viasat Inc.,VSAT,3/31/2018,SH,230,15000,0,0,1.1858,,25,999999,,new,INFORMATION TECHNOLOGY
ODEY HOLDINGS AG,Rowan Companies Plc,RDC,3/31/2018,SH,1100,13000,0,0,1.0277,,26,999999,,new,ENERGY
ODEY HOLDINGS AG,NutriSystem Inc,NTRI,3/31/2018,SH,320,9000,0,0,0.7115,,27,999999,,new,CONSUMER DISCRETIONARY
ODEY HOLDINGS AG,Wheaton Precious Metals Corp,WPM,3/31/2018,SH,0,0,1200,27000,,1.6504,999999,22,-100,soldall,MATERIALS
ODEY HOLDINGS AG,Celgene Corp.,CELG,3/31/2018,SH,0,0,360,38000,,2.3227,999999,19,-100,soldall,HEALTH CARE
ODEY HOLDINGS AG,Bank of America Corp. (North Carolina National Bank),BAC,6/30/2018,SH,4600,130000,4600,138000,8.4912,10.9091,1,1,0,,FINANCE
ODEY HOLDINGS AG,JPMorgan Chase & Co. (Chemical Bank),JPM,6/30/2018,SH,1050,109000,1050,115000,7.1195,9.0909,2,2,0,,FINANCE
ODEY HOLDINGS AG,Activision Blizzard Inc,ATVI,6/30/2018,SH,1100,84000,1100,74000,5.4866,5.8498,3,4,0,,INFORMATION TECHNOLOGY
ODEY HOLDINGS AG,Regeneron Pharmaceuticals Inc.,REGN,6/30/2018,SH,240,83000,148,51000,5.4213,4.0316,4,11,62.162162,addition,HEALTH CARE
ODEY HOLDINGS AG,Microsoft Corp.,MSFT,6/30/2018,SH,770,76000,470,43000,4.9641,3.3992,5,14,63.829787,addition,INFORMATION TECHNOLOGY
ODEY HOLDINGS AG,Booking Holdings Inc. (Priceline),BKNG,6/30/2018,SH,37,75000,37,77000,4.8988,6.087,6,3,0,,CONSUMER DISCRETIONARY
ODEY HOLDINGS AG,TripAdvisor Inc,TRIP,6/30/2018,SH,1350,75000,1350,55000,4.8988,4.3478,7,9,0,,CONSUMER DISCRETIONARY
ODEY HOLDINGS AG,Facebook Inc,FB,6/30/2018,SH,370,72000,370,59000,4.7028,4.664,8,8,0,,COMMUNICATIONS
ODEY HOLDINGS AG,CME Group Inc,CME,6/30/2018,SH,430,70000,0,0,4.5722,,9,999999,,new,FINANCE
ODEY HOLDINGS AG,Alphabet Inc. Class A,GOOGL,6/30/2018,SH,62,70000,62,64000,4.5722,5.0593,10,6,0,,COMMUNICATIONS
ODEY HOLDINGS AG,BlackRock Inc. Class A,BLK,6/30/2018,SH,135,67000,0,0,4.3762,,11,999999,,new,FINANCE
ODEY HOLDINGS AG,Amazon.com Inc.,AMZN,6/30/2018,SH,35,59000,35,51000,3.8537,4.0316,12,10,0,,CONSUMER DISCRETIONARY
ODEY HOLDINGS AG,Alexion Pharmaceuticals Inc.,ALXN,6/30/2018,SH,460,57000,460,51000,3.7231,4.0316,13,12,0,,HEALTH CARE
ODEY HOLDINGS AG,Sprint Corp,S,6/30/2018,SH,10000,54000,3000,15000,3.5271,1.1858,14,24,233.333333,addition,UTILITIES AND TELECOMMUNICATIONS
ODEY HOLDINGS AG,Dollar Tree Inc.,DLTR,6/30/2018,SH,570,48000,200,19000,3.1352,1.502,15,21,185,addition,CONSUMER DISCRETIONARY
ODEY HOLDINGS AG,"Vertex Pharmaceuticals, Inc.",VRTX,6/30/2018,SH,276,47000,276,45000,3.0699,3.5573,16,13,0,,HEALTH CARE
ODEY HOLDINGS AG,Alibaba Group Holding Ltd ADR,BABA,6/30/2018,SH,200,37000,100,18000,2.4167,1.4229,17,23,100,addition,COMMUNICATIONS
ODEY HOLDINGS AG,Costco Co.,COST,6/30/2018,SH,174,36000,0,0,2.3514,,18,999999,,new,CONSUMER STAPLES
ODEY HOLDINGS AG,"Home Depot, Inc. (The)",HD,6/30/2018,SH,178,35000,0,0,2.2861,,19,999999,,new,CONSUMER DISCRETIONARY
ODEY HOLDINGS AG,Spotify Technology SA,SPOT,6/30/2018,SH,200,34000,0,0,2.2208,,20,999999,,new,COMMUNICATIONS
ODEY HOLDINGS AG,VISA Inc,V,6/30/2018,SH,250,33000,0,0,2.1555,,21,999999,,new,FINANCE
ODEY HOLDINGS AG,XPO Logistics Inc,XPO,6/30/2018,SH,318,32000,0,0,2.0901,,22,999999,,new,TRANSPORTS
ODEY HOLDINGS AG,Discover Financial Services,DFS,6/30/2018,SH,450,32000,0,0,2.0901,,23,999999,,new,FINANCE
ODEY HOLDINGS AG,"Texas Instruments, Inc.",TXN,6/30/2018,SH,292,32000,0,0,2.0901,,24,999999,,new,INFORMATION TECHNOLOGY
ODEY HOLDINGS AG,Kinross Gold Corp. ADR,KGC,6/30/2018,SH,7000,26000,7000,28000,1.6982,2.2134,25,20,0,,MATERIALS
ODEY HOLDINGS AG,The Stars Group,TSG,6/30/2018,SH,700,25000,700,19000,1.6329,1.502,26,22,0,,INFORMATION TECHNOLOGY
ODEY HOLDINGS AG,Rowan Companies Plc,RDC,6/30/2018,SH,1100,18000,1100,13000,1.1757,1.0277,27,26,0,,ENERGY
ODEY HOLDINGS AG,Viasat Inc.,VSAT,6/30/2018,SH,230,15000,230,15000,0.9798,1.1858,28,25,0,,INFORMATION TECHNOLOGY
ODEY HOLDINGS AG,MGIC Investment Corp. (1984),MTG,6/30/2018,SH,0,0,3000,39000,,3.083,999999,15,-100,soldall,FINANCE
ODEY HOLDINGS AG,Broadcom Ltd. (Avago Technologies),AVGO,6/30/2018,SH,0,0,260,61000,,4.8221,999999,7,-100,soldall,INFORMATION TECHNOLOGY
ODEY HOLDINGS AG,BMC Stock Holdings Inc,BMCH,6/30/2018,SH,0,0,1600,31000,,2.4506,999999,18,-100,soldall,CONSUMER DISCRETIONARY
ODEY HOLDINGS AG,NutriSystem Inc,NTRI,6/30/2018,SH,0,0,320,9000,,0.7115,999999,27,-100,soldall,CONSUMER DISCRETIONARY
ODEY HOLDINGS AG,Charter Communications Inc,CHTR,6/30/2018,SH,0,0,100,31000,,2.4506,999999,19,-100,soldall,COMMUNICATIONS
ODEY HOLDINGS AG,Lam Research Corp.,LRCX,6/30/2018,SH,0,0,175,36000,,2.8458,999999,16,-100,soldall,INFORMATION TECHNOLOGY
ODEY HOLDINGS AG,Apple Inc,AAPL,6/30/2018,SH,0,0,440,74000,,5.8498,999999,5,-100,soldall,INFORMATION TECHNOLOGY
ODEY HOLDINGS AG,Comcast Corp.  Class A,CMCSA,6/30/2018,SH,0,0,1000,34000,,2.6877,999999,17,-100,soldall,COMMUNICATIONS
ODEY HOLDINGS AG,Bank of America Corp. (North Carolina National Bank),BAC,9/30/2018,SH,4600,136000,4600,130000,7.265,8.4912,1,1,0,,FINANCE
ODEY HOLDINGS AG,JPMorgan Chase & Co. (Chemical Bank),JPM,9/30/2018,SH,1050,118000,1050,109000,6.3034,7.1195,2,2,0,,FINANCE
ODEY HOLDINGS AG,Apple Inc,AAPL,9/30/2018,SH,507,114000,0,0,6.0897,,3,999999,,new,INFORMATION TECHNOLOGY
ODEY HOLDINGS AG,Alphabet Inc. Class A,GOOGL,9/30/2018,SH,89,107000,62,70000,5.7158,4.5722,4,10,43.548387,addition,COMMUNICATIONS
ODEY HOLDINGS AG,Amazon.com Inc.,AMZN,9/30/2018,SH,52,104000,35,59000,5.5556,3.8537,5,12,48.571429,addition,CONSUMER DISCRETIONARY
ODEY HOLDINGS AG,Regeneron Pharmaceuticals Inc.,REGN,9/30/2018,SH,240,97000,240,83000,5.1816,5.4213,6,4,0,,HEALTH CARE
ODEY HOLDINGS AG,Activision Blizzard Inc,ATVI,9/30/2018,SH,1100,92000,1100,84000,4.9145,5.4866,7,3,0,,INFORMATION TECHNOLOGY
ODEY HOLDINGS AG,Microsoft Corp.,MSFT,9/30/2018,SH,770,88000,770,76000,4.7009,4.9641,8,5,0,,INFORMATION TECHNOLOGY
ODEY HOLDINGS AG,Booking Holdings Inc. (Priceline),BKNG,9/30/2018,SH,37,73000,37,75000,3.8996,4.8988,9,6,0,,CONSUMER DISCRETIONARY
ODEY HOLDINGS AG,CME Group Inc,CME,9/30/2018,SH,430,73000,430,70000,3.8996,4.5722,10,9,0,,FINANCE
ODEY HOLDINGS AG,TripAdvisor Inc,TRIP,9/30/2018,SH,1350,69000,1350,75000,3.6859,4.8988,11,7,0,,CONSUMER DISCRETIONARY
ODEY HOLDINGS AG,Comcast Corp.  Class A,CMCSA,9/30/2018,SH,1933,68000,0,0,3.6325,,12,999999,,new,COMMUNICATIONS
ODEY HOLDINGS AG,Sprint Corp,S,9/30/2018,SH,10000,65000,10000,54000,3.4722,3.5271,13,14,0,,UTILITIES AND TELECOMMUNICATIONS
ODEY HOLDINGS AG,Viasat Inc.,VSAT,9/30/2018,SH,997,64000,230,15000,3.4188,0.9798,14,28,333.478261,addition,INFORMATION TECHNOLOGY
ODEY HOLDINGS AG,BlackRock Inc. Class A,BLK,9/30/2018,SH,135,64000,135,67000,3.4188,4.3762,15,11,0,,FINANCE
ODEY HOLDINGS AG,Alexion Pharmaceuticals Inc.,ALXN,9/30/2018,SH,460,64000,460,57000,3.4188,3.7231,16,13,0,,HEALTH CARE
ODEY HOLDINGS AG,"Vertex Pharmaceuticals, Inc.",VRTX,9/30/2018,SH,276,53000,276,47000,2.8312,3.0699,17,16,0,,HEALTH CARE
ODEY HOLDINGS AG,Dollar Tree Inc.,DLTR,9/30/2018,SH,570,46000,570,48000,2.4573,3.1352,18,15,0,,CONSUMER DISCRETIONARY
ODEY HOLDINGS AG,Costco Co.,COST,9/30/2018,SH,174,41000,174,36000,2.1902,2.3514,19,18,0,,CONSUMER STAPLES
ODEY HOLDINGS AG,VISA Inc,V,9/30/2018,SH,250,38000,250,33000,2.0299,2.1555,20,21,0,,FINANCE
ODEY HOLDINGS AG,Viasat Inc.,VSAT,9/30/2018,CALL,600,38000,0,0,2.0299,,21,999999,,new,INFORMATION TECHNOLOGY
ODEY HOLDINGS AG,"Home Depot, Inc. (The)",HD,9/30/2018,SH,178,37000,178,35000,1.9765,2.2861,22,19,0,,CONSUMER DISCRETIONARY
ODEY HOLDINGS AG,XPO Logistics Inc,XPO,9/30/2018,SH,318,36000,318,32000,1.9231,2.0901,23,22,0,,TRANSPORTS
ODEY HOLDINGS AG,Discover Financial Services,DFS,9/30/2018,SH,450,34000,450,32000,1.8162,2.0901,24,23,0,,FINANCE
ODEY HOLDINGS AG,Alibaba Group Holding Ltd ADR,BABA,9/30/2018,SH,200,33000,200,37000,1.7628,2.4167,25,17,0,,COMMUNICATIONS
ODEY HOLDINGS AG,Lam Research Corp.,LRCX,9/30/2018,SH,213,32000,0,0,1.7094,,26,999999,,new,INFORMATION TECHNOLOGY
ODEY HOLDINGS AG,"Texas Instruments, Inc.",TXN,9/30/2018,SH,292,31000,292,32000,1.656,2.0901,27,24,0,,INFORMATION TECHNOLOGY
ODEY HOLDINGS AG,Rowan Companies Plc,RDC,9/30/2018,SH,1100,21000,1100,18000,1.1218,1.1757,28,27,0,,ENERGY
ODEY HOLDINGS AG,Kinross Gold Corp. ADR,KGC,9/30/2018,SH,7000,19000,7000,26000,1.015,1.6982,29,25,0,,MATERIALS
ODEY HOLDINGS AG,The Stars Group,TSG,9/30/2018,SH,700,17000,700,25000,0.9081,1.6329,30,26,0,,INFORMATION TECHNOLOGY
ODEY HOLDINGS AG,Facebook Inc,FB,9/30/2018,SH,0,0,370,72000,,4.7028,999999,8,-100,soldall,COMMUNICATIONS
ODEY HOLDINGS AG,Spotify Technology SA,SPOT,9/30/2018,SH,0,0,200,34000,,2.2208,999999,20,-100,soldall,COMMUNICATIONS
ODEY HOLDINGS AG,Alphabet Inc. Class A,GOOGL,12/31/2018,SH,89,93000,89,107000,6.5035,5.7158,1,4,0,,COMMUNICATIONS
ODEY HOLDINGS AG,Regeneron Pharmaceuticals Inc.,REGN,12/31/2018,SH,240,90000,240,97000,6.2937,5.1816,2,6,0,,HEALTH CARE
ODEY HOLDINGS AG,CME Group Inc,CME,12/31/2018,SH,430,81000,430,73000,5.6643,3.8996,3,10,0,,FINANCE
ODEY HOLDINGS AG,Microsoft Corp.,MSFT,12/31/2018,SH,770,78000,770,88000,5.4545,4.7009,4,8,0,,INFORMATION TECHNOLOGY
ODEY HOLDINGS AG,Amazon.com Inc.,AMZN,12/31/2018,SH,52,78000,52,104000,5.4545,5.5556,5,5,0,,CONSUMER DISCRETIONARY
ODEY HOLDINGS AG,VISA Inc,V,12/31/2018,SH,500,66000,250,38000,4.6154,2.0299,6,20,100,addition,FINANCE
ODEY HOLDINGS AG,Comcast Corp.  Class A,CMCSA,12/31/2018,SH,1933,66000,1933,68000,4.6154,3.6325,7,12,0,,COMMUNICATIONS
ODEY HOLDINGS AG,Booking Holdings Inc. (Priceline),BKNG,12/31/2018,SH,37,64000,37,73000,4.4755,3.8996,8,9,0,,CONSUMER DISCRETIONARY
ODEY HOLDINGS AG,"Texas Instruments, Inc.",TXN,12/31/2018,SH,670,63000,292,31000,4.4056,1.656,9,27,129.452055,addition,INFORMATION TECHNOLOGY
ODEY HOLDINGS AG,Costco Co.,COST,12/31/2018,SH,300,61000,174,41000,4.2657,2.1902,10,19,72.413793,addition,CONSUMER STAPLES
ODEY HOLDINGS AG,"Home Depot, Inc. (The)",HD,12/31/2018,SH,350,60000,178,37000,4.1958,1.9765,11,22,96.629213,addition,CONSUMER DISCRETIONARY
ODEY HOLDINGS AG,JPMorgan Chase & Co. (Chemical Bank),JPM,12/31/2018,SH,600,59000,1050,118000,4.1259,6.3034,12,2,-42.857143,reduction,FINANCE
ODEY HOLDINGS AG,Viasat Inc.,VSAT,12/31/2018,SH,997,59000,997,64000,4.1259,3.4188,13,14,0,,INFORMATION TECHNOLOGY
ODEY HOLDINGS AG,Sprint Corp,S,12/31/2018,SH,10000,58000,10000,65000,4.0559,3.4722,14,13,0,,UTILITIES AND TELECOMMUNICATIONS
ODEY HOLDINGS AG,Bank of America Corp. (North Carolina National Bank),BAC,12/31/2018,SH,2300,57000,4600,136000,3.986,7.265,15,1,-50,reduction,FINANCE
ODEY HOLDINGS AG,TripAdvisor Inc,TRIP,12/31/2018,SH,1000,54000,1350,69000,3.7762,3.6859,16,11,-25.925926,reduction,CONSUMER DISCRETIONARY
ODEY HOLDINGS AG,Discover Financial Services,DFS,12/31/2018,SH,900,53000,450,34000,3.7063,1.8162,17,24,100,addition,FINANCE
ODEY HOLDINGS AG,BlackRock Inc. Class A,BLK,12/31/2018,SH,135,53000,135,64000,3.7063,3.4188,18,15,0,,FINANCE
ODEY HOLDINGS AG,Activision Blizzard Inc,ATVI,12/31/2018,SH,1100,51000,1100,92000,3.5664,4.9145,19,7,0,,INFORMATION TECHNOLOGY
ODEY HOLDINGS AG,Dollar Tree Inc.,DLTR,12/31/2018,SH,570,51000,570,46000,3.5664,2.4573,20,18,0,,CONSUMER DISCRETIONARY
ODEY HOLDINGS AG,Apple Inc,AAPL,12/31/2018,SH,325,51000,507,114000,3.5664,6.0897,21,3,-35.897436,reduction,INFORMATION TECHNOLOGY
ODEY HOLDINGS AG,Alexion Pharmaceuticals Inc.,ALXN,12/31/2018,SH,460,45000,460,64000,3.1469,3.4188,22,16,0,,HEALTH CARE
ODEY HOLDINGS AG,Alibaba Group Holding Ltd ADR,BABA,12/31/2018,SH,200,27000,200,33000,1.8881,1.7628,23,25,0,,COMMUNICATIONS
ODEY HOLDINGS AG,The Stars Group,TSG,12/31/2018,SH,700,12000,700,17000,0.8392,0.9081,24,30,0,,INFORMATION TECHNOLOGY
ODEY HOLDINGS AG,"Vertex Pharmaceuticals, Inc.",VRTX,12/31/2018,SH,0,0,276,53000,,2.8312,999999,17,-100,soldall,HEALTH CARE
ODEY HOLDINGS AG,Kinross Gold Corp. ADR,KGC,12/31/2018,SH,0,0,7000,19000,,1.015,999999,29,-100,soldall,MATERIALS
ODEY HOLDINGS AG,Lam Research Corp.,LRCX,12/31/2018,SH,0,0,213,32000,,1.7094,999999,26,-100,soldall,INFORMATION TECHNOLOGY
ODEY HOLDINGS AG,Rowan Companies Plc,RDC,12/31/2018,SH,0,0,1100,21000,,1.1218,999999,28,-100,soldall,ENERGY
ODEY HOLDINGS AG,XPO Logistics Inc,XPO,12/31/2018,SH,0,0,318,36000,,1.9231,999999,23,-100,soldall,TRANSPORTS
ODEY HOLDINGS AG,Viasat Inc.,VSAT,12/31/2018,CALL,0,0,600,38000,,2.0299,999999,21,-100,soldall,INFORMATION TECHNOLOGY
ODEY HOLDINGS AG,Viasat Inc.,VSAT,3/31/2019,CALL,90000,6975000,0,0,87.3841,,1,999999,,new,INFORMATION TECHNOLOGY
ODEY HOLDINGS AG,Alphabet Inc. Class A,GOOGL,3/31/2019,SH,89,105000,89,93000,1.3155,6.5035,2,1,0,,COMMUNICATIONS
ODEY HOLDINGS AG,VISA Inc,V,3/31/2019,SH,500,78000,500,66000,0.9772,4.6154,3,6,0,,FINANCE
ODEY HOLDINGS AG,Comcast Corp.  Class A,CMCSA,3/31/2019,SH,1933,77000,1933,66000,0.9647,4.6154,4,7,0,,COMMUNICATIONS
ODEY HOLDINGS AG,Microsoft Corp.,MSFT,3/31/2019,SH,600,71000,770,78000,0.8895,5.4545,5,4,-22.077922,reduction,INFORMATION TECHNOLOGY
ODEY HOLDINGS AG,Amazon.com Inc.,AMZN,3/31/2019,SH,40,71000,52,78000,0.8895,5.4545,6,5,-23.076923,reduction,CONSUMER DISCRETIONARY
ODEY HOLDINGS AG,Booking Holdings Inc. (Priceline),BKNG,3/31/2019,SH,37,65000,37,64000,0.8143,4.4755,7,8,0,,CONSUMER DISCRETIONARY
ODEY HOLDINGS AG,Discover Financial Services,DFS,3/31/2019,SH,900,64000,900,53000,0.8018,3.7063,8,17,0,,FINANCE
ODEY HOLDINGS AG,Alexion Pharmaceuticals Inc.,ALXN,3/31/2019,SH,460,62000,460,45000,0.7767,3.1469,9,22,0,,HEALTH CARE
ODEY HOLDINGS AG,Bristol-Myers Squibb Co,BMY,3/31/2019,SH,1300,62000,0,0,0.7767,,10,999999,,new,HEALTH CARE
ODEY HOLDINGS AG,JPMorgan Chase & Co. (Chemical Bank),JPM,3/31/2019,SH,600,61000,600,59000,0.7642,4.1259,11,12,0,,FINANCE
ODEY HOLDINGS AG,Dollar Tree Inc.,DLTR,3/31/2019,SH,570,60000,570,51000,0.7517,3.5664,12,20,0,,CONSUMER DISCRETIONARY
ODEY HOLDINGS AG,Regeneron Pharmaceuticals Inc.,REGN,3/31/2019,SH,140,57000,240,90000,0.7141,6.2937,13,2,-41.666667,reduction,HEALTH CARE
ODEY HOLDINGS AG,Viasat Inc.,VSAT,3/31/2019,SH,497,39000,997,59000,0.4886,4.1259,14,13,-50.150451,reduction,INFORMATION TECHNOLOGY
ODEY HOLDINGS AG,Goldman Sachs Group Inc,GS,3/31/2019,SH,200,38000,0,0,0.4761,,15,999999,,new,FINANCE
ODEY HOLDINGS AG,Sprint Corp,S,3/31/2019,SH,5400,31000,10000,58000,0.3884,4.0559,16,14,-46,reduction,UTILITIES AND TELECOMMUNICATIONS
ODEY HOLDINGS AG,Charles Schwab Corp,SCHW,3/31/2019,SH,700,30000,0,0,0.3758,,17,999999,,new,FINANCE
ODEY HOLDINGS AG,Barrick Gold Corp,GOLD,3/31/2019,SH,1715,24000,0,0,0.3007,,18,999999,,new,MATERIALS
ODEY HOLDINGS AG,The Stars Group,TSG,3/31/2019,SH,700,12000,700,12000,0.1503,0.8392,19,24,0,,INFORMATION TECHNOLOGY
ODEY HOLDINGS AG,TripAdvisor Inc,TRIP,3/31/2019,SH,0,0,1000,54000,,3.7762,999999,16,-100,soldall,CONSUMER DISCRETIONARY
ODEY HOLDINGS AG,Apple Inc,AAPL,3/31/2019,SH,0,0,325,51000,,3.5664,999999,21,-100,soldall,INFORMATION TECHNOLOGY
ODEY HOLDINGS AG,"Home Depot, Inc. (The)",HD,3/31/2019,SH,0,0,350,60000,,4.1958,999999,11,-100,soldall,CONSUMER DISCRETIONARY
ODEY HOLDINGS AG,Activision Blizzard Inc,ATVI,3/31/2019,SH,0,0,1100,51000,,3.5664,999999,19,-100,soldall,INFORMATION TECHNOLOGY
ODEY HOLDINGS AG,Bank of America Corp. (North Carolina National Bank),BAC,3/31/2019,SH,0,0,2300,57000,,3.986,999999,15,-100,soldall,FINANCE
ODEY HOLDINGS AG,"Texas Instruments, Inc.",TXN,3/31/2019,SH,0,0,670,63000,,4.4056,999999,9,-100,soldall,INFORMATION TECHNOLOGY
ODEY HOLDINGS AG,Alibaba Group Holding Ltd ADR,BABA,3/31/2019,SH,0,0,200,27000,,1.8881,999999,23,-100,soldall,COMMUNICATIONS
ODEY HOLDINGS AG,CME Group Inc,CME,3/31/2019,SH,0,0,430,81000,,5.6643,999999,3,-100,soldall,FINANCE
ODEY HOLDINGS AG,Costco Co.,COST,3/31/2019,SH,0,0,300,61000,,4.2657,999999,10,-100,soldall,CONSUMER STAPLES
ODEY HOLDINGS AG,BlackRock Inc. Class A,BLK,3/31/2019,SH,0,0,135,53000,,3.7063,999999,18,-100,soldall,FINANCE
ODEY HOLDINGS AG,Viasat Inc.,VSAT,6/30/2019,CALL,60000,4849000,90000,6975000,61.7628,87.3841,1,1,-33.333333,reduction,INFORMATION TECHNOLOGY
ODEY HOLDINGS AG,Alphabet Inc. Class A,GOOGL,6/30/2019,SH,299,324000,89,105000,4.1269,1.3155,2,2,235.955056,addition,COMMUNICATIONS
ODEY HOLDINGS AG,VISA Inc,V,6/30/2019,SH,1550,269000,500,78000,3.4263,0.9772,3,3,210,addition,FINANCE
ODEY HOLDINGS AG,Comcast Corp.  Class A,CMCSA,6/30/2019,SH,6033,255000,1933,77000,3.248,0.9647,4,4,212.105535,addition,COMMUNICATIONS
ODEY HOLDINGS AG,Booking Holdings Inc. (Priceline),BKNG,6/30/2019,SH,117,219000,37,65000,2.7895,0.8143,5,7,216.216216,addition,CONSUMER DISCRETIONARY
ODEY HOLDINGS AG,Amazon.com Inc.,AMZN,6/30/2019,SH,115,218000,40,71000,2.7767,0.8895,6,6,187.5,addition,CONSUMER DISCRETIONARY
ODEY HOLDINGS AG,Alexion Pharmaceuticals Inc.,ALXN,6/30/2019,SH,1660,217000,460,62000,2.764,0.7767,7,9,260.869565,addition,HEALTH CARE
ODEY HOLDINGS AG,Microsoft Corp.,MSFT,6/30/2019,SH,1600,214000,600,71000,2.7258,0.8895,8,5,166.666667,addition,INFORMATION TECHNOLOGY
ODEY HOLDINGS AG,Discover Financial Services,DFS,6/30/2019,SH,2700,209000,900,64000,2.6621,0.8018,9,8,200,addition,FINANCE
ODEY HOLDINGS AG,Viasat Inc.,VSAT,6/30/2019,SH,2500,202000,497,39000,2.5729,0.4886,10,14,403.018109,addition,INFORMATION TECHNOLOGY
ODEY HOLDINGS AG,JPMorgan Chase & Co. (Chemical Bank),JPM,6/30/2019,SH,1800,201000,600,61000,2.5602,0.7642,11,11,200,addition,FINANCE
ODEY HOLDINGS AG,Barrick Gold Corp,GOLD,6/30/2019,SH,11815,186000,1715,24000,2.3691,0.3007,12,18,588.921283,addition,MATERIALS
ODEY HOLDINGS AG,Bristol-Myers Squibb Co,BMY,6/30/2019,SH,3220,146000,1300,62000,1.8596,0.7767,13,10,147.692308,addition,HEALTH CARE
ODEY HOLDINGS AG,Regeneron Pharmaceuticals Inc.,REGN,6/30/2019,SH,430,135000,140,57000,1.7195,0.7141,14,13,207.142857,addition,HEALTH CARE
ODEY HOLDINGS AG,Goldman Sachs Group Inc,GS,6/30/2019,SH,500,102000,200,38000,1.2992,0.4761,15,15,150,addition,FINANCE
ODEY HOLDINGS AG,Charles Schwab Corp,SCHW,6/30/2019,SH,1900,76000,700,30000,0.968,0.3758,16,17,171.428571,addition,FINANCE
ODEY HOLDINGS AG,The Stars Group,TSG,6/30/2019,SH,1700,29000,700,12000,0.3694,0.1503,17,19,142.857143,addition,INFORMATION TECHNOLOGY
ODEY HOLDINGS AG,Dollar Tree Inc.,DLTR,6/30/2019,SH,0,0,570,60000,,0.7517,999999,12,-100,soldall,CONSUMER DISCRETIONARY
ODEY HOLDINGS AG,Sprint Corp,S,6/30/2019,SH,0,0,5400,31000,,0.3884,999999,16,-100,soldall,UTILITIES AND TELECOMMUNICATIONS
ODEY HOLDINGS AG,Viasat Inc.,VSAT,9/30/2019,CALL,30000,2260000,60000,4849000,47.6291,61.7628,1,1,-50,reduction,INFORMATION TECHNOLOGY
ODEY HOLDINGS AG,Alphabet Inc. Class A,GOOGL,9/30/2019,SH,310,379000,299,324000,7.9874,4.1269,2,2,3.67893,addition,COMMUNICATIONS
ODEY HOLDINGS AG,Microsoft Corp.,MSFT,9/30/2019,SH,2300,320000,1600,214000,6.7439,2.7258,3,8,43.75,addition,INFORMATION TECHNOLOGY
ODEY HOLDINGS AG,Comcast Corp.  Class A,CMCSA,9/30/2019,SH,6033,272000,6033,255000,5.7323,3.248,4,4,0,,COMMUNICATIONS
ODEY HOLDINGS AG,VISA Inc,V,9/30/2019,SH,1550,267000,1550,269000,5.627,3.4263,5,3,0,,FINANCE
ODEY HOLDINGS AG,Booking Holdings Inc. (Priceline),BKNG,9/30/2019,SH,117,230000,117,219000,4.8472,2.7895,6,5,0,,CONSUMER DISCRETIONARY
ODEY HOLDINGS AG,JPMorgan Chase & Co. (Chemical Bank),JPM,9/30/2019,SH,1800,212000,1800,201000,4.4679,2.5602,7,11,0,,FINANCE
ODEY HOLDINGS AG,Amazon.com Inc.,AMZN,9/30/2019,SH,115,200000,115,218000,4.215,2.7767,8,6,0,,CONSUMER DISCRETIONARY
ODEY HOLDINGS AG,Barrick Gold Corp,GOLD,9/30/2019,SH,9595,166000,11815,186000,3.4984,2.3691,9,12,-18.789674,reduction,MATERIALS
ODEY HOLDINGS AG,T-Mobile US Inc,TMUS,9/30/2019,SH,2000,158000,0,0,3.3298,,10,999999,,new,UTILITIES AND TELECOMMUNICATIONS
ODEY HOLDINGS AG,Viasat Inc.,VSAT,9/30/2019,SH,2000,151000,2500,202000,3.1823,2.5729,11,10,-20,reduction,INFORMATION TECHNOLOGY
ODEY HOLDINGS AG,Charles Schwab Corp,SCHW,9/30/2019,SH,2500,105000,1900,76000,2.2129,0.968,12,16,31.578947,addition,FINANCE
ODEY HOLDINGS AG,The Stars Group,TSG,9/30/2019,SH,1700,25000,1700,29000,0.5269,0.3694,13,17,0,,INFORMATION TECHNOLOGY
ODEY HOLDINGS AG,Alexion Pharmaceuticals Inc.,ALXN,9/30/2019,SH,0,0,1660,217000,,2.764,999999,7,-100,soldall,HEALTH CARE
ODEY HOLDINGS AG,Regeneron Pharmaceuticals Inc.,REGN,9/30/2019,SH,0,0,430,135000,,1.7195,999999,14,-100,soldall,HEALTH CARE
ODEY HOLDINGS AG,Bristol-Myers Squibb Co,BMY,9/30/2019,SH,0,0,3220,146000,,1.8596,999999,13,-100,soldall,HEALTH CARE
ODEY HOLDINGS AG,Discover Financial Services,DFS,9/30/2019,SH,0,0,2700,209000,,2.6621,999999,9,-100,soldall,FINANCE
ODEY HOLDINGS AG,Goldman Sachs Group Inc,GS,9/30/2019,SH,0,0,500,102000,,1.2992,999999,15,-100,soldall,FINANCE
ODEY HOLDINGS AG,Alphabet Inc. Class A,GOOGL,12/31/2019,SH,310,415000,310,379000,14.5257,7.9874,1,2,0,,COMMUNICATIONS
ODEY HOLDINGS AG,Microsoft Corp.,MSFT,12/31/2019,SH,2100,331000,2300,320000,11.5856,6.7439,2,3,-8.695652,reduction,INFORMATION TECHNOLOGY
ODEY HOLDINGS AG,VISA Inc,V,12/31/2019,SH,1550,291000,1550,267000,10.1855,5.627,3,5,0,,FINANCE
ODEY HOLDINGS AG,Comcast Corp.  Class A,CMCSA,12/31/2019,SH,6033,271000,6033,272000,9.4855,5.7323,4,4,0,,COMMUNICATIONS
ODEY HOLDINGS AG,JPMorgan Chase & Co. (Chemical Bank),JPM,12/31/2019,SH,1800,251000,1800,212000,8.7854,4.4679,5,7,0,,FINANCE
ODEY HOLDINGS AG,Barrick Gold Corp,GOLD,12/31/2019,SH,13195,245000,9595,166000,8.5754,3.4984,6,9,37.519541,addition,MATERIALS
ODEY HOLDINGS AG,Amazon.com Inc.,AMZN,12/31/2019,SH,115,213000,115,200000,7.4554,4.215,7,8,0,,CONSUMER DISCRETIONARY
ODEY HOLDINGS AG,Booking Holdings Inc. (Priceline),BKNG,12/31/2019,SH,97,199000,117,230000,6.9653,4.8472,8,6,-17.094017,reduction,CONSUMER DISCRETIONARY
ODEY HOLDINGS AG,T-Mobile US Inc,TMUS,12/31/2019,SH,2400,188000,2000,158000,6.5803,3.3298,9,10,20,addition,UTILITIES AND TELECOMMUNICATIONS
ODEY HOLDINGS AG,The Stars Group,TSG,12/31/2019,SH,7200,188000,1700,25000,6.5803,0.5269,10,13,323.529412,addition,INFORMATION TECHNOLOGY
ODEY HOLDINGS AG,Viasat Inc.,VSAT,12/31/2019,SH,2000,146000,2000,151000,5.1103,3.1823,11,11,0,,INFORMATION TECHNOLOGY
ODEY HOLDINGS AG,Charles Schwab Corp,SCHW,12/31/2019,SH,2500,119000,2500,105000,4.1652,2.2129,12,12,0,,FINANCE
ODEY HOLDINGS AG,Viasat Inc.,VSAT,12/31/2019,CALL,0,0,30000,2260000,,47.6291,999999,1,-100,soldall,INFORMATION TECHNOLOGY
ODEY HOLDINGS AG,Amazon.com Inc.,AMZN,3/31/2020,SH,360,702000,115,213000,8.5641,7.4554,1,7,213.043478,addition,CONSUMER DISCRETIONARY
ODEY HOLDINGS AG,Alphabet Inc. Class A,GOOGL,3/31/2020,SH,600,697000,310,415000,8.5031,14.5257,2,1,93.548387,addition,COMMUNICATIONS
ODEY HOLDINGS AG,Microsoft Corp.,MSFT,3/31/2020,SH,4200,662000,2100,331000,8.0761,11.5856,3,2,100,addition,INFORMATION TECHNOLOGY
ODEY HOLDINGS AG,Regeneron Pharmaceuticals Inc.,REGN,3/31/2020,SH,1140,557000,0,0,6.7952,,4,999999,,new,HEALTH CARE
ODEY HOLDINGS AG,VISA Inc,V,3/31/2020,SH,3000,483000,1550,291000,5.8924,10.1855,5,3,93.548387,addition,FINANCE
ODEY HOLDINGS AG,Facebook Inc,FB,3/31/2020,SH,2580,430000,0,0,5.2458,,6,999999,,new,COMMUNICATIONS
ODEY HOLDINGS AG,Comcast Corp.  Class A,CMCSA,3/31/2020,SH,11633,400000,6033,271000,4.8798,9.4855,7,4,92.822808,addition,COMMUNICATIONS
ODEY HOLDINGS AG,T-Mobile US Inc,TMUS,3/31/2020,SH,4600,386000,2400,188000,4.709,6.5803,8,9,91.666667,addition,UTILITIES AND TELECOMMUNICATIONS
ODEY HOLDINGS AG,Alibaba Group Holding Ltd ADR,BABA,3/31/2020,SH,1940,377000,0,0,4.5992,,9,999999,,new,COMMUNICATIONS
ODEY HOLDINGS AG,Berkshire Hathaway Inc Class B,BRK.B,3/31/2020,SH,2050,375000,0,0,4.5748,,10,999999,,new,FINANCE
ODEY HOLDINGS AG,Colgate-Palmolive Co.,CL,3/31/2020,SH,5400,358000,0,0,4.3675,,11,999999,,new,CONSUMER STAPLES
ODEY HOLDINGS AG,Johnson & Johnson Co.,JNJ,3/31/2020,SH,2700,354000,0,0,4.3187,,12,999999,,new,HEALTH CARE
ODEY HOLDINGS AG,JPMorgan Chase & Co. (Chemical Bank),JPM,3/31/2020,SH,3600,324000,1800,251000,3.9527,8.7854,13,5,100,addition,FINANCE
ODEY HOLDINGS AG,Charles Schwab Corp,SCHW,3/31/2020,SH,9000,303000,2500,119000,3.6965,4.1652,14,12,260,addition,FINANCE
ODEY HOLDINGS AG,Bristol-Myers Squibb Co,BMY,3/31/2020,SH,5200,290000,0,0,3.5379,,15,999999,,new,HEALTH CARE
ODEY HOLDINGS AG,Biogen Inc,BIIB,3/31/2020,SH,600,190000,0,0,2.3179,,16,999999,,new,HEALTH CARE
ODEY HOLDINGS AG,Apple Inc,AAPL,3/31/2020,SH,725,184000,0,0,2.2447,,17,999999,,new,INFORMATION TECHNOLOGY
ODEY HOLDINGS AG,Stryker Corp.,SYK,3/31/2020,SH,1100,183000,0,0,2.2325,,18,999999,,new,HEALTH CARE
ODEY HOLDINGS AG,Booking Holdings Inc. (Priceline),BKNG,3/31/2020,SH,120,161000,97,199000,1.9641,6.9653,19,8,23.71134,addition,CONSUMER DISCRETIONARY
ODEY HOLDINGS AG,Viasat Inc.,VSAT,3/31/2020,SH,3700,133000,2000,146000,1.6225,5.1103,20,11,85,addition,INFORMATION TECHNOLOGY
ODEY HOLDINGS AG,Intuitive Surgical Inc,ISRG,3/31/2020,SH,240,119000,0,0,1.4518,,21,999999,,new,HEALTH CARE
ODEY HOLDINGS AG,"Adobe Systems, Inc.",ADBE,3/31/2020,SH,300,95000,0,0,1.159,,22,999999,,new,INFORMATION TECHNOLOGY
ODEY HOLDINGS AG,Synopsys Inc.,SNPS,3/31/2020,SH,700,90000,0,0,1.098,,23,999999,,new,INFORMATION TECHNOLOGY
ODEY HOLDINGS AG,"Take-Two Interactive Software, Inc.",TTWO,3/31/2020,SH,730,87000,0,0,1.0614,,24,999999,,new,INFORMATION TECHNOLOGY
ODEY HOLDINGS AG,Activision Blizzard Inc,ATVI,3/31/2020,SH,1450,86000,0,0,1.0492,,25,999999,,new,INFORMATION TECHNOLOGY
ODEY HOLDINGS AG,Salesforce.com Inc.,CRM,3/31/2020,SH,600,86000,0,0,1.0492,,26,999999,,new,INFORMATION TECHNOLOGY
ODEY HOLDINGS AG,"Electronic Arts, Inc.",EA,3/31/2020,SH,850,85000,0,0,1.037,,27,999999,,new,INFORMATION TECHNOLOGY
ODEY HOLDINGS AG,The Stars Group,TSG,3/31/2020,SH,0,0,7200,188000,,6.5803,999999,10,-100,soldall,INFORMATION TECHNOLOGY
ODEY HOLDINGS AG,Barrick Gold Corp,GOLD,3/31/2020,SH,0,0,13195,245000,,8.5754,999999,6,-100,soldall,MATERIALS
ODEY HOLDINGS AG,Amazon.com Inc.,AMZN,6/30/2020,SH,300,828000,360,702000,8.8216,8.5641,1,1,-16.666667,reduction,CONSUMER DISCRETIONARY
ODEY HOLDINGS AG,Microsoft Corp.,MSFT,6/30/2020,SH,3500,712000,4200,662000,7.5858,8.0761,2,3,-16.666667,reduction,INFORMATION TECHNOLOGY
ODEY HOLDINGS AG,Berkshire Hathaway Inc Class B,BRK.B,6/30/2020,SH,3400,607000,2050,375000,6.4671,4.5748,3,10,65.853659,addition,FINANCE
ODEY HOLDINGS AG,Regeneron Pharmaceuticals Inc.,REGN,6/30/2020,SH,950,592000,1140,557000,6.3073,6.7952,4,4,-16.666667,reduction,HEALTH CARE
ODEY HOLDINGS AG,Procter & Gamble Co. (OH) (1905),PG,6/30/2020,SH,4157,497000,0,0,5.2951,,5,999999,,new,CONSUMER STAPLES
ODEY HOLDINGS AG,VISA Inc,V,6/30/2020,SH,2500,483000,3000,483000,5.146,5.8924,6,5,-16.666667,reduction,FINANCE
ODEY HOLDINGS AG,Morgan Stanley,MS,6/30/2020,SH,8900,430000,0,0,4.5813,,7,999999,,new,FINANCE
ODEY HOLDINGS AG,T-Mobile US Inc,TMUS,6/30/2020,SH,3800,396000,4600,386000,4.219,4.709,8,8,-17.391304,reduction,UTILITIES AND TELECOMMUNICATIONS
ODEY HOLDINGS AG,Comcast Corp.  Class A,CMCSA,6/30/2020,SH,9700,378000,11633,400000,4.0273,4.8798,9,7,-16.616522,reduction,COMMUNICATIONS
ODEY HOLDINGS AG,JPMorgan Chase & Co. (Chemical Bank),JPM,6/30/2020,SH,4000,376000,3600,324000,4.006,3.9527,10,13,11.111111,addition,FINANCE
ODEY HOLDINGS AG,Alphabet Inc. Class A,GOOGL,6/30/2020,SH,250,355000,600,697000,3.7822,8.5031,11,2,-58.333333,reduction,COMMUNICATIONS
ODEY HOLDINGS AG,Alibaba Group Holding Ltd ADR,BABA,6/30/2020,SH,1600,345000,1940,377000,3.6757,4.5992,12,9,-17.525773,reduction,COMMUNICATIONS
ODEY HOLDINGS AG,Colgate-Palmolive Co.,CL,6/30/2020,SH,4500,330000,5400,358000,3.5159,4.3675,13,11,-16.666667,reduction,CONSUMER STAPLES
ODEY HOLDINGS AG,Booking Holdings Inc. (Priceline),BKNG,6/30/2020,SH,200,318000,120,161000,3.388,1.9641,14,19,66.666667,addition,CONSUMER DISCRETIONARY
ODEY HOLDINGS AG,Johnson & Johnson Co.,JNJ,6/30/2020,SH,2250,316000,2700,354000,3.3667,4.3187,15,12,-16.666667,reduction,HEALTH CARE
ODEY HOLDINGS AG,Charles Schwab Corp,SCHW,6/30/2020,SH,7500,253000,9000,303000,2.6955,3.6965,16,14,-16.666667,reduction,FINANCE
ODEY HOLDINGS AG,Bristol-Myers Squibb Co,BMY,6/30/2020,SH,4300,253000,5200,290000,2.6955,3.5379,17,15,-17.307692,reduction,HEALTH CARE
ODEY HOLDINGS AG,"Adobe Systems, Inc.",ADBE,6/30/2020,SH,550,239000,300,95000,2.5463,1.159,18,22,83.333333,addition,INFORMATION TECHNOLOGY
ODEY HOLDINGS AG,Apple Inc,AAPL,6/30/2020,SH,600,219000,725,184000,2.3333,2.2447,19,17,-17.241379,reduction,INFORMATION TECHNOLOGY
ODEY HOLDINGS AG,Facebook Inc,FB,6/30/2020,SH,900,204000,2580,430000,2.1734,5.2458,20,6,-65.116279,reduction,COMMUNICATIONS
ODEY HOLDINGS AG,Taiwan Semiconductor Manufacturing Co Ltd ADR,TSM,6/30/2020,SH,3200,182000,0,0,1.9391,,21,999999,,new,INFORMATION TECHNOLOGY
ODEY HOLDINGS AG,Akamai Technologies Inc.,AKAM,6/30/2020,SH,1600,171000,0,0,1.8219,,22,999999,,new,COMMUNICATIONS
ODEY HOLDINGS AG,Stryker Corp.,SYK,6/30/2020,SH,900,162000,1100,183000,1.726,2.2325,23,18,-18.181818,reduction,HEALTH CARE
ODEY HOLDINGS AG,Biogen Inc,BIIB,6/30/2020,SH,500,134000,600,190000,1.4277,2.3179,24,16,-16.666667,reduction,HEALTH CARE
ODEY HOLDINGS AG,Synopsys Inc.,SNPS,6/30/2020,SH,600,117000,700,90000,1.2465,1.098,25,23,-14.285714,reduction,INFORMATION TECHNOLOGY
ODEY HOLDINGS AG,Intuitive Surgical Inc,ISRG,6/30/2020,SH,200,114000,240,119000,1.2146,1.4518,26,21,-16.666667,reduction,HEALTH CARE
ODEY HOLDINGS AG,Salesforce.com Inc.,CRM,6/30/2020,SH,575,108000,600,86000,1.1506,1.0492,27,26,-4.166667,reduction,INFORMATION TECHNOLOGY
ODEY HOLDINGS AG,"Electronic Arts, Inc.",EA,6/30/2020,SH,700,92000,850,85000,0.9802,1.037,28,27,-17.647059,reduction,INFORMATION TECHNOLOGY
ODEY HOLDINGS AG,Activision Blizzard Inc,ATVI,6/30/2020,SH,1200,91000,1450,86000,0.9695,1.0492,29,25,-17.241379,reduction,INFORMATION TECHNOLOGY
ODEY HOLDINGS AG,"Take-Two Interactive Software, Inc.",TTWO,6/30/2020,SH,600,84000,730,87000,0.8949,1.0614,30,24,-17.808219,reduction,INFORMATION TECHNOLOGY
ODEY HOLDINGS AG,Viasat Inc.,VSAT,6/30/2020,SH,0,0,3700,133000,,1.6225,999999,20,-100,soldall,INFORMATION TECHNOLOGY
